브랜드,유통채널,채널명,아이템_중분류,아이템소분류,아이템코드,판매금액(TAG가),실판매액
I,1,백화점,Acc_etc,PET,PE,1772000,1751990
I,1,백화점,Acc_etc,기타,ET,8102000,7767320
I,1,백화점,Acc_etc,머플러(스카프),MF,3245000,2934310
I,1,백화점,Acc_etc,양말,SO,12661800,12242990
I,1,백화점,Acc_etc,장갑,GL,22961000,22463430
I,1,백화점,Bag,가방,BG,6699000,6596430
I,1,백화점,Bag,백팩,BK,287234000,279348220
I,1,백화점,Bag,보조가방,UB,2558000,2528630
I,1,백화점,Bag,슬링백,SG,4819000,4746490
I,1,백화점,Bag,크로스백,CR,46069000,43495820
I,1,백화점,Bag,힙색,HS,0,0
I,1,백화점,Headwear,방한모,WM,131172000,128221180
I,1,백화점,Headwear,비니,BN,107366000,104699990
I,1,백화점,Headwear,와이어캡,WR,1568000,1488530
I,1,백화점,Headwear,운동모,CP,70298000,68523870
I,1,백화점,Headwear,햇,HT,1031000,964400
I,1,백화점,Shoes,런닝화,RN,67545000,64117540
I,1,백화점,Shoes,방한화,WB,323163000,314439280
I,1,백화점,Shoes,샌들,SD,0,0
I,1,백화점,Shoes,스니커즈,SX,40061000,37986830
I,1,백화점,Shoes,신발,SH,96829000,93514510
I,1,백화점,과시즌의류,다운점퍼,DJ,211341000,105670420
I,1,백화점,과시즌의류,맨투맨,MT,1264000,632000
I,1,백화점,과시즌의류,맨투맨셋트,S2,278000,138980
I,1,백화점,과시즌의류,베이비,BV,55000,55000
I,1,백화점,과시즌의류,우븐팬츠,WP,0,0
I,1,백화점,과시즌의류,원피스,OP,-149000,-149000
I,1,백화점,과시즌의류,점퍼,JP,1095000,547510
I,1,백화점,과시즌의류,팬츠,PT,1975000,987500
I,1,백화점,당시즌의류,니트가디건,KC,4901000,4658570
I,1,백화점,당시즌의류,니트풀오버,KP,5143000,5035700
I,1,백화점,당시즌의류,다운베스트,DV,31883000,29592670
I,1,백화점,당시즌의류,다운점퍼,DJ,974679000,926156320
I,1,백화점,당시즌의류,레깅스,LG,7107000,6742530
I,1,백화점,당시즌의류,맨투맨,MT,139762000,134237740
I,1,백화점,당시즌의류,맨투맨셋트,S2,287296000,277119010
I,1,백화점,당시즌의류,반팔카라티셔츠,TS,1283000,1234000
I,1,백화점,당시즌의류,반팔티 & 스웨트팬츠,S1,20670000,19924170
I,1,백화점,당시즌의류,방풍자켓,WJ,2184000,1981500
I,1,백화점,당시즌의류,스커트,SK,2335000,2197310
I,1,백화점,당시즌의류,우븐셔츠,WS,-119000,-198500
I,1,백화점,당시즌의류,우븐팬츠,WP,67727000,65004800
I,1,백화점,당시즌의류,원피스,OP,-139000,-139000
I,1,백화점,당시즌의류,점퍼,JP,897000,307630
I,1,백화점,당시즌의류,진바지,DP,17513000,16701270
I,1,백화점,당시즌의류,팬츠,PT,66241000,63700140
I,1,백화점,당시즌의류,폴라폴리스점퍼,FD,22565000,21030920
I,1,백화점,당시즌의류,폴로 티셔츠,PQ,316000,316000
I,1,백화점,당시즌의류,후드티,HD,37311000,35720220
I,1,백화점,차시즌의류,맨투맨,MT,9358000,9135290
I,1,백화점,차시즌의류,맨투맨셋트,S2,26444000,25811690
I,1,백화점,차시즌의류,반팔티 & 스웨트팬츠,S1,11672000,11409010
I,1,백화점,차시즌의류,스커트,SK,621000,607200
I,1,백화점,차시즌의류,점퍼,JP,14947000,14505960
I,1,백화점,차시즌의류,팬츠,PT,6297000,6173330
I,1,백화점,차시즌의류,후드티,HD,3916000,3809190
I,11,직영몰,Acc_etc,PET,PE,6536000,6247750
I,11,직영몰,Acc_etc,기타,ET,537000,537000
I,11,직영몰,Acc_etc,머플러(스카프),MF,177000,177000
I,11,직영몰,Acc_etc,양말,SO,914500,912520
I,11,직영몰,Acc_etc,장갑,GL,2272000,2272000
I,11,직영몰,Bag,가방,BG,330000,330000
I,11,직영몰,Bag,백팩,BK,38265000,37895550
I,11,직영몰,Bag,보조가방,UB,420000,420000
I,11,직영몰,Bag,슬링백,SG,395000,375670
I,11,직영몰,Bag,크로스백,CR,4988000,4932150
I,11,직영몰,Headwear,방한모,WM,13428000,13314330
I,11,직영몰,Headwear,비니,BN,15633000,15465280
I,11,직영몰,Headwear,와이어캡,WR,539000,539000
I,11,직영몰,Headwear,운동모,CP,12418000,12378790
I,11,직영몰,Headwear,햇,HT,53000,53000
I,11,직영몰,Shoes,런닝화,RN,6335000,6199410
I,11,직영몰,Shoes,방한화,WB,27336000,27111130
I,11,직영몰,Shoes,스니커즈,SX,5958000,5925820
I,11,직영몰,Shoes,신발,SH,9941000,9847220
I,11,직영몰,과시즌의류,맨투맨,MT,0,0
I,11,직영몰,과시즌의류,팬츠,PT,0,0
I,11,직영몰,당시즌의류,니트가디건,KC,845000,789320
I,11,직영몰,당시즌의류,니트풀오버,KP,973000,959760
I,11,직영몰,당시즌의류,다운베스트,DV,1907000,1870100
I,11,직영몰,당시즌의류,다운점퍼,DJ,72295000,70264960
I,11,직영몰,당시즌의류,레깅스,LG,897000,883360
I,11,직영몰,당시즌의류,맨투맨,MT,11232000,11042650
I,11,직영몰,당시즌의류,맨투맨셋트,S2,18960000,18711240
I,11,직영몰,당시즌의류,반팔카라티셔츠,TS,363000,363000
I,11,직영몰,당시즌의류,반팔티 & 스웨트팬츠,S1,1272000,1272000
I,11,직영몰,당시즌의류,방풍자켓,WJ,318000,318000
I,11,직영몰,당시즌의류,스커트,SK,356000,337100
I,11,직영몰,당시즌의류,우븐팬츠,WP,4753000,4665420
I,11,직영몰,당시즌의류,점퍼,JP,239000,239000
I,11,직영몰,당시즌의류,진바지,DP,2199000,2187100
I,11,직영몰,당시즌의류,팬츠,PT,6555000,6406130
I,11,직영몰,당시즌의류,폴라폴리스점퍼,FD,815000,798100
I,11,직영몰,당시즌의류,후드티,HD,4066000,3936540
I,11,직영몰,차시즌의류,맨투맨,MT,1052000,1046100
I,11,직영몰,차시즌의류,맨투맨셋트,S2,4652000,4605190
I,11,직영몰,차시즌의류,반팔티 & 스웨트팬츠,S1,655000,655000
I,11,직영몰,차시즌의류,점퍼,JP,1811000,1760750
I,11,직영몰,차시즌의류,팬츠,PT,571000,571000
I,11,직영몰,차시즌의류,후드티,HD,178000,178000
I,2,면세점,Acc_etc,머플러(스카프),MF,8437000,8437030
I,2,면세점,Acc_etc,양말,SO,1574800,1574800
I,2,면세점,Acc_etc,장갑,GL,184000,184000
I,2,면세점,Bag,백팩,BK,44179000,44178930
I,2,면세점,Bag,보조가방,UB,294000,294000
I,2,면세점,Bag,슬링백,SG,553000,553000
I,2,면세점,Bag,크로스백,CR,354811000,354810670
I,2,면세점,Headwear,방한모,WM,25285000,25285000
I,2,면세점,Headwear,비니,BN,92194000,92176250
I,2,면세점,Headwear,운동모,CP,50738000,50737980
I,2,면세점,Shoes,런닝화,RN,31193000,31193000
I,2,면세점,Shoes,방한화,WB,23799000,23799000
I,2,면세점,Shoes,스니커즈,SX,25975000,25975000
I,2,면세점,Shoes,신발,SH,14096000,14096000
I,2,면세점,당시즌의류,다운베스트,DV,10514000,10514000
I,2,면세점,당시즌의류,다운점퍼,DJ,330022000,330021990
I,2,면세점,당시즌의류,맨투맨,MT,30914000,30914000
I,2,면세점,당시즌의류,맨투맨셋트,S2,18842000,18842000
I,2,면세점,당시즌의류,스커트,SK,287000,287000
I,2,면세점,당시즌의류,우븐팬츠,WP,5514000,5514000
I,2,면세점,당시즌의류,점퍼,JP,717000,717000
I,2,면세점,당시즌의류,진바지,DP,773000,773000
I,2,면세점,당시즌의류,팬츠,PT,11148000,11148000
I,2,면세점,당시즌의류,폴라폴리스점퍼,FD,5852000,5852000
I,2,면세점,당시즌의류,후드티,HD,4322000,4322000
I,2,면세점,차시즌의류,맨투맨,MT,4548000,4548020
I,2,면세점,차시즌의류,맨투맨셋트,S2,981000,981000
I,2,면세점,차시즌의류,반팔티 & 스웨트팬츠,S1,3870000,3870000
I,3,직영점(가두),Acc_etc,PET,PE,1995000,1970400
I,3,직영점(가두),Acc_etc,기타,ET,468000,468000
I,3,직영점(가두),Acc_etc,머플러(스카프),MF,177000,177000
I,3,직영점(가두),Acc_etc,양말,SO,276800,276800
I,3,직영점(가두),Acc_etc,장갑,GL,1194000,1194000
I,3,직영점(가두),Bag,가방,BG,396000,396000
I,3,직영점(가두),Bag,백팩,BK,13280000,13244340
I,3,직영점(가두),Bag,보조가방,UB,235000,232640
I,3,직영점(가두),Bag,슬링백,SG,474000,474000
I,3,직영점(가두),Bag,크로스백,CR,4106000,4078780
I,3,직영점(가두),Headwear,방한모,WM,6473000,6463000
I,3,직영점(가두),Headwear,비니,BN,8776000,8704750
I,3,직영점(가두),Headwear,와이어캡,WR,98000,98000
I,3,직영점(가두),Headwear,운동모,CP,8507000,8404500
I,3,직영점(가두),Headwear,햇,HT,271000,271000
I,3,직영점(가두),Shoes,런닝화,RN,3880000,3880000
I,3,직영점(가두),Shoes,방한화,WB,8263000,8250940
I,3,직영점(가두),Shoes,스니커즈,SX,4251000,4225730
I,3,직영점(가두),Shoes,신발,SH,7362000,7341490
I,3,직영점(가두),당시즌의류,니트가디건,KC,507000,507000
I,3,직영점(가두),당시즌의류,니트풀오버,KP,139000,139000
I,3,직영점(가두),당시즌의류,다운베스트,DV,1291000,1288860
I,3,직영점(가두),당시즌의류,다운점퍼,DJ,44322000,44246840
I,3,직영점(가두),당시즌의류,레깅스,LG,897000,897000
I,3,직영점(가두),당시즌의류,맨투맨,MT,8098000,8093980
I,3,직영점(가두),당시즌의류,맨투맨셋트,S2,12261000,12230500
I,3,직영점(가두),당시즌의류,반팔카라티셔츠,TS,392000,392000
I,3,직영점(가두),당시즌의류,반팔티 & 스웨트팬츠,S1,2067000,2067000
I,3,직영점(가두),당시즌의류,방풍자켓,WJ,159000,159000
I,3,직영점(가두),당시즌의류,스커트,SK,396000,396000
I,3,직영점(가두),당시즌의류,우븐팬츠,WP,1682000,1680220
I,3,직영점(가두),당시즌의류,점퍼,JP,478000,478000
I,3,직영점(가두),당시즌의류,진바지,DP,416000,416000
I,3,직영점(가두),당시즌의류,팬츠,PT,2852000,2849480
I,3,직영점(가두),당시즌의류,폴라폴리스점퍼,FD,2236000,2236000
I,3,직영점(가두),당시즌의류,후드티,HD,1276000,1274220
I,3,직영점(가두),차시즌의류,맨투맨,MT,834000,830190
I,3,직영점(가두),차시즌의류,맨투맨셋트,S2,1755000,1755000
I,3,직영점(가두),차시즌의류,반팔티 & 스웨트팬츠,S1,536000,536000
I,3,직영점(가두),차시즌의류,스커트,SK,69000,69000
I,3,직영점(가두),차시즌의류,점퍼,JP,975000,975000
I,3,직영점(가두),차시즌의류,팬츠,PT,472000,467410
I,3,직영점(가두),차시즌의류,후드티,HD,267000,267000
I,4,자사몰,Acc_etc,PET,PE,947000,870210
I,4,자사몰,Acc_etc,기타,ET,1734000,1536770
I,4,자사몰,Acc_etc,머플러(스카프),MF,236000,211400
I,4,자사몰,Acc_etc,양말,SO,1259900,1035030
I,4,자사몰,Acc_etc,장갑,GL,1655000,1450800
I,4,자사몰,Bag,가방,BG,495000,389490
I,4,자사몰,Bag,백팩,BK,35747000,32218352
I,4,자사몰,Bag,보조가방,UB,293000,216680
I,4,자사몰,Bag,슬링백,SG,316000,218080
I,4,자사몰,Bag,크로스백,CR,2544000,2203250
I,4,자사몰,Bag,힙색,HS,59000,40050
I,4,자사몰,Headwear,방한모,WM,12624000,11004180
I,4,자사몰,Headwear,비니,BN,12726000,10634870
I,4,자사몰,Headwear,와이어캡,WR,49000,39000
I,4,자사몰,Headwear,운동모,CP,5215000,4196430
I,4,자사몰,Shoes,런닝화,RN,5228000,4589430
I,4,자사몰,Shoes,방한화,WB,39454000,34767570
I,4,자사몰,Shoes,스니커즈,SX,2951000,2521600
I,4,자사몰,Shoes,신발,SH,5730000,5071093
I,4,자사몰,과시즌의류,반팔카라티셔츠,TS,-145000,-124610
I,4,자사몰,과시즌의류,반팔티 & 스웨트팬츠,S1,-99000,-84990
I,4,자사몰,과시즌의류,점퍼,JP,-159000,-149000
I,4,자사몰,당시즌의류,니트가디건,KC,497000,452880
I,4,자사몰,당시즌의류,다운베스트,DV,983000,904930
I,4,자사몰,당시즌의류,다운점퍼,DJ,62304000,55985940
I,4,자사몰,당시즌의류,레깅스,LG,641000,505100
I,4,자사몰,당시즌의류,맨투맨,MT,13032000,11789154
I,4,자사몰,당시즌의류,맨투맨셋트,S2,32096000,28784280
I,4,자사몰,당시즌의류,반팔카라티셔츠,TS,305000,305000
I,4,자사몰,당시즌의류,반팔티 & 스웨트팬츠,S1,5346000,4852580
I,4,자사몰,당시즌의류,스커트,SK,89000,98691
I,4,자사몰,당시즌의류,우븐팬츠,WP,3138000,2844650
I,4,자사몰,당시즌의류,점퍼,JP,-60000,-105220
I,4,자사몰,당시즌의류,진바지,DP,594000,544260
I,4,자사몰,당시즌의류,팬츠,PT,7282000,6597820
I,4,자사몰,당시즌의류,폴라폴리스점퍼,FD,1511000,1387120
I,4,자사몰,당시즌의류,폴로 티셔츠,PQ,158000,143350
I,4,자사몰,당시즌의류,후드티,HD,3194000,2870460
I,4,자사몰,차시즌의류,맨투맨,MT,373000,308160
I,4,자사몰,차시즌의류,맨투맨셋트,S2,327000,277050
I,4,자사몰,차시즌의류,반팔티 & 스웨트팬츠,S1,258000,234120
I,4,자사몰,차시즌의류,점퍼,JP,657000,592710
I,4,자사몰,차시즌의류,팬츠,PT,59000,45470
I,4,자사몰,차시즌의류,후드티,HD,178000,146150
I,5,제휴몰,Acc_etc,PET,PE,5695000,5695000
I,5,제휴몰,Acc_etc,기타,ET,2928000,2928000
I,5,제휴몰,Acc_etc,머플러(스카프),MF,295000,295000
I,5,제휴몰,Acc_etc,양말,SO,1578400,1578400
I,5,제휴몰,Acc_etc,장갑,GL,1605000,1605000
I,5,제휴몰,Bag,가방,BG,1716000,1716000
I,5,제휴몰,Bag,백팩,BK,34991000,34991000
I,5,제휴몰,Bag,보조가방,UB,117000,117000
I,5,제휴몰,Bag,슬링백,SG,158000,158000
I,5,제휴몰,Bag,크로스백,CR,3351000,3351000
I,5,제휴몰,Bag,힙색,HS,295000,295000
I,5,제휴몰,Headwear,방한모,WM,25044000,25043980
I,5,제휴몰,Headwear,비니,BN,31674000,31674000
I,5,제휴몰,Headwear,선캡,SC,78000,78000
I,5,제휴몰,Headwear,와이어캡,WR,53000,53000
I,5,제휴몰,Headwear,운동모,CP,6667000,6667000
I,5,제휴몰,Headwear,햇,HT,122000,122000
I,5,제휴몰,Shoes,런닝화,RN,6048000,6048000
I,5,제휴몰,Shoes,방한화,WB,93969000,93968970
I,5,제휴몰,Shoes,스니커즈,SX,11881000,11881000
I,5,제휴몰,Shoes,신발,SH,13306000,13305990
I,5,제휴몰,과시즌의류,다운점퍼,DJ,27158000,13579000
I,5,제휴몰,과시즌의류,맨투맨셋트,S2,-149000,-149000
I,5,제휴몰,과시즌의류,점퍼,JP,876000,438000
I,5,제휴몰,당시즌의류,니트풀오버,KP,0,0
I,5,제휴몰,당시즌의류,다운베스트,DV,427000,427000
I,5,제휴몰,당시즌의류,다운점퍼,DJ,218043000,218043010
I,5,제휴몰,당시즌의류,레깅스,LG,1400000,1400000
I,5,제휴몰,당시즌의류,맨투맨,MT,17423000,17423000
I,5,제휴몰,당시즌의류,맨투맨셋트,S2,41807000,41807010
I,5,제휴몰,당시즌의류,반팔카라티셔츠,TS,766000,766000
I,5,제휴몰,당시즌의류,반팔티 & 스웨트팬츠,S1,8456000,8456000
I,5,제휴몰,당시즌의류,방풍자켓,WJ,318000,318000
I,5,제휴몰,당시즌의류,스커트,SK,455000,455000
I,5,제휴몰,당시즌의류,우븐팬츠,WP,5423000,5423000
I,5,제휴몰,당시즌의류,원피스,OP,89000,89000
I,5,제휴몰,당시즌의류,점퍼,JP,458000,458000
I,5,제휴몰,당시즌의류,진바지,DP,1139000,1139000
I,5,제휴몰,당시즌의류,팬츠,PT,7140000,7140000
I,5,제휴몰,당시즌의류,폴라폴리스점퍼,FD,3725000,3725000
I,5,제휴몰,당시즌의류,후드티,HD,3771000,3771000
I,5,제휴몰,차시즌의류,맨투맨,MT,599000,599000
I,5,제휴몰,차시즌의류,맨투맨셋트,S2,327000,327000
I,5,제휴몰,차시즌의류,반팔티 & 스웨트팬츠,S1,268000,268000
I,5,제휴몰,차시즌의류,점퍼,JP,219000,219000
I,5,제휴몰,차시즌의류,팬츠,PT,59000,59000
I,6,대리점,Acc_etc,PET,PE,406000,401700
I,6,대리점,Acc_etc,기타,ET,882000,815510
I,6,대리점,Acc_etc,양말,SO,2322000,2284350
I,6,대리점,Acc_etc,장갑,GL,2755000,2602460
I,6,대리점,Bag,가방,BG,297000,275990
I,6,대리점,Bag,백팩,BK,69518000,67711660
I,6,대리점,Bag,보조가방,UB,899000,872480
I,6,대리점,Bag,슬링백,SG,2607000,2496880
I,6,대리점,Bag,크로스백,CR,25025000,24288970
I,6,대리점,Headwear,방한모,WM,19510000,19097250
I,6,대리점,Headwear,비니,BN,29487000,28866080
I,6,대리점,Headwear,와이어캡,WR,294000,294000
I,6,대리점,Headwear,운동모,CP,18302000,17975660
I,6,대리점,Headwear,햇,HT,171000,140630
I,6,대리점,Shoes,런닝화,RN,21540000,21132780
I,6,대리점,Shoes,방한화,WB,66014000,64360590
I,6,대리점,Shoes,스니커즈,SX,18294000,17648810
I,6,대리점,Shoes,신발,SH,17270000,16856220
I,6,대리점,과시즌의류,맨투맨,MT,49000,49000
I,6,대리점,과시즌의류,반팔티 & 스웨트팬츠,S1,0,14900
I,6,대리점,당시즌의류,니트가디건,KC,507000,497030
I,6,대리점,당시즌의류,니트풀오버,KP,2780000,2665620
I,6,대리점,당시즌의류,다운베스트,DV,6283000,6101960
I,6,대리점,당시즌의류,다운점퍼,DJ,286337000,279185940
I,6,대리점,당시즌의류,레깅스,LG,1932000,1873260
I,6,대리점,당시즌의류,맨투맨,MT,31693000,30976010
I,6,대리점,당시즌의류,맨투맨셋트,S2,79879000,77897480
I,6,대리점,당시즌의류,반팔카라티셔츠,TS,98000,98000
I,6,대리점,당시즌의류,반팔티 & 스웨트팬츠,S1,7314000,7329660
I,6,대리점,당시즌의류,스커트,SK,683000,674100
I,6,대리점,당시즌의류,우븐팬츠,WP,11399000,11191040
I,6,대리점,당시즌의류,점퍼,JP,1454000,1138100
I,6,대리점,당시즌의류,진바지,DP,1932000,1864520
I,6,대리점,당시즌의류,팬츠,PT,11833000,11588440
I,6,대리점,당시즌의류,폴라폴리스점퍼,FD,4977000,4863680
I,6,대리점,당시즌의류,후드티,HD,11185000,10980690
I,6,대리점,차시즌의류,맨투맨,MT,1628000,1567100
I,6,대리점,차시즌의류,맨투맨셋트,S2,3161000,3091000
I,6,대리점,차시즌의류,반팔티 & 스웨트팬츠,S1,1965000,1922540
I,6,대리점,차시즌의류,점퍼,JP,438000,438000
I,6,대리점,차시즌의류,팬츠,PT,1298000,1257280
I,6,대리점,차시즌의류,후드티,HD,0,0
I,8,사입,Acc_etc,고글,GG,89000,22250
I,8,사입,Acc_etc,기타,ET,34000,8500
I,8,사입,Acc_etc,머플러(스카프),MF,552000,149800
I,8,사입,Acc_etc,장갑,GL,1282000,320500
I,8,사입,Bag,크로스백,CR,0,0
I,8,사입,Headwear,방한모,WM,114335000,28940600
I,8,사입,Headwear,비니,BN,8737000,2448420
I,8,사입,Headwear,운동모,CP,16372000,4265500
I,8,사입,Headwear,햇,HT,54539000,13634620
I,8,사입,Shoes,방한화,WB,55281000,15691330
I,8,사입,Shoes,스니커즈,SX,5445000,1361250
I,8,사입,Shoes,신발,SH,9597000,2812380
I,8,사입,Shoes,캔버스화,CV,12727000,3181710
I,8,사입,과시즌의류,니트가디건,KC,-199000,-49750
I,8,사입,과시즌의류,다운베스트,DV,-139000,-41700
I,8,사입,과시즌의류,다운점퍼,DJ,190901000,47663450
I,8,사입,과시즌의류,맨투맨,MT,31706000,8542570
I,8,사입,과시즌의류,맨투맨셋트,S2,37539000,9378240
I,8,사입,과시즌의류,보드바지,BP,16218000,4054460
I,8,사입,과시즌의류,스커트,SK,-99000,-24750
I,8,사입,과시즌의류,우븐팬츠,WP,-99000,-24750
I,8,사입,과시즌의류,점퍼,JP,0,0
I,8,사입,과시즌의류,팬츠,PT,16353000,4905800
I,99,기타,Acc_etc,PET,PE,166000,0
I,99,기타,Acc_etc,고글,GG,89000,0
I,99,기타,Acc_etc,머플러(스카프),MF,59000,29500
I,99,기타,Acc_etc,양말,SO,1257000,314350
I,99,기타,Acc_etc,장갑,GL,266000,29500
I,99,기타,Bag,가방,BG,0,0
I,99,기타,Bag,백팩,BK,15175000,719190
I,99,기타,Bag,버킷백,BM,89000,0
I,99,기타,Bag,보조가방,UB,1160000,0
I,99,기타,Bag,슬링백,SG,217000,0
I,99,기타,Bag,크로스백,CR,2696000,223600
I,99,기타,Bag,힙색,HS,98000,0
I,99,기타,Headwear,방한모,WM,1233000,438110
I,99,기타,Headwear,비니,BN,2004000,798900
I,99,기타,Headwear,선캡,SC,332000,0
I,99,기타,Headwear,와이어캡,WR,1824000,0
I,99,기타,Headwear,운동모,CP,16311000,642490
I,99,기타,Headwear,햇,HT,6309000,259700
I,99,기타,Shoes,런닝화,RN,99000,49500
I,99,기타,Shoes,뮬,MU,1721000,0
I,99,기타,Shoes,방한화,WB,19638000,870800
I,99,기타,Shoes,샌들,SD,3889000,0
I,99,기타,Shoes,스니커즈,SX,10315000,32500
I,99,기타,Shoes,슬리퍼,LP,195000,0
I,99,기타,Shoes,신발,SH,15102000,62300
I,99,기타,Shoes,캔버스화,CV,13973000,14730
I,99,기타,과시즌의류,나시티&반바지,S6,790000,0
I,99,기타,과시즌의류,니트가디건,KC,15018000,0
I,99,기타,과시즌의류,니트풀오버,KP,139000,0
I,99,기타,과시즌의류,다운베스트,DV,794000,0
I,99,기타,과시즌의류,다운점퍼,DJ,49847000,130300
I,99,기타,과시즌의류,레깅스,LG,2069000,0
I,99,기타,과시즌의류,맨투맨,MT,7405000,34600
I,99,기타,과시즌의류,맨투맨셋트,S2,14470000,0
I,99,기타,과시즌의류,반바지,SP,2257000,0
I,99,기타,과시즌의류,반팔카라티셔츠,TS,16226000,0
I,99,기타,과시즌의류,반팔티 & 스웨트팬츠,S1,12786000,53500
I,99,기타,과시즌의류,방풍자켓,WJ,1171000,34500
I,99,기타,과시즌의류,보드바지,BP,318000,0
I,99,기타,과시즌의류,스윔웨어,SW,15284000,15490
I,99,기타,과시즌의류,스커트,SK,1115000,0
I,99,기타,과시즌의류,우븐반바지,SM,2209000,0
I,99,기타,과시즌의류,우븐셔츠,WS,436000,0
I,99,기타,과시즌의류,우븐팬츠,WP,257000,0
I,99,기타,과시즌의류,원피스,OP,1398000,0
I,99,기타,과시즌의류,점퍼,JP,9049000,176830
I,99,기타,과시즌의류,진바지,DP,525000,0
I,99,기타,과시즌의류,탱크탑,TK,33000,0
I,99,기타,과시즌의류,트레이닝 세트,S5,179000,0
I,99,기타,과시즌의류,트레이닝(하의),TP,89000,0
I,99,기타,과시즌의류,팬츠,PT,3920000,14680
I,99,기타,과시즌의류,폴라폴리스점퍼,FD,935000,0
I,99,기타,과시즌의류,폴로 티셔츠,PQ,2070000,0
I,99,기타,과시즌의류,후드티,HD,999000,0
I,99,기타,당시즌의류,다운베스트,DV,635000,317500
I,99,기타,당시즌의류,다운점퍼,DJ,3416000,1652520
I,99,기타,당시즌의류,레깅스,LG,69000,34500
I,99,기타,당시즌의류,맨투맨,MT,750000,305260
I,99,기타,당시즌의류,맨투맨셋트,S2,1827000,940720
I,99,기타,당시즌의류,반팔카라티셔츠,TS,49000,12390
I,99,기타,당시즌의류,방풍자켓,WJ,119000,27000
I,99,기타,당시즌의류,스커트,SK,89000,25450
I,99,기타,당시즌의류,우븐팬츠,WP,1317000,880300
I,99,기타,당시즌의류,점퍼,JP,657000,171940
I,99,기타,당시즌의류,진바지,DP,99000,28150
I,99,기타,당시즌의류,팬츠,PT,138000,82800
I,99,기타,당시즌의류,폴라폴리스점퍼,FD,159000,79500
I,99,기타,당시즌의류,후드티,HD,119000,59500
M,1,RF,Acc_etc,기타,ET,345000,345000
M,1,RF,Acc_etc,머플러(스카프),MF,822000,821960
M,1,RF,Acc_etc,양말,SO,216800,214710
M,1,RF,Acc_etc,파우치,PO,546000,546050
M,1,RF,Bag,버킷백,BM,288000,287990
M,1,RF,Bag,쇼퍼백,OR,100534000,90614690
M,1,RF,Bag,숄더백,BQ,20229000,18452370
M,1,RF,Bag,크로스백,CR,972000,931990
M,1,RF,Bag,힙색,HS,594000,594020
M,1,RF,Headwear,방한모,WM,1796000,1756000
M,1,RF,Headwear,비니,BN,11202000,10810920
M,1,RF,Headwear,여성 베레모,CB,876000,810700
M,1,RF,Headwear,운동모,CP,26481000,25840680
M,1,RF,Headwear,햇,HT,4000000,3980060
M,1,RF,Shoes,런닝화,RN,6928000,6844690
M,1,RF,Shoes,뮬,MU,654000,654000
M,1,RF,Shoes,방한화,WB,3943000,3942930
M,1,RF,Shoes,스니커즈,SX,143810000,131588790
M,1,RF,Shoes,신발,SH,20762000,19306550
M,1,RF,과시즌의류,우븐셔츠,WS,149000,74500
M,1,RF,과시즌의류,점퍼,JP,299000,299010
M,1,RF,과시즌의류,팬츠,PT,317000,218000
M,1,RF,과시즌의류,폴라폴리스점퍼,FD,199000,99500
M,1,RF,과시즌의류,후드티,HD,338000,169000
M,1,RF,당시즌의류,니트가디건,KC,1185000,1112960
M,1,RF,당시즌의류,니트풀오버,KP,1005000,957200
M,1,RF,당시즌의류,다운베스트,DV,2767000,2494210
M,1,RF,당시즌의류,다운점퍼,DJ,198833000,169210650
M,1,RF,당시즌의류,맨투맨,MT,6530000,6152850
M,1,RF,당시즌의류,반팔카라티셔츠,TS,158000,158000
M,1,RF,당시즌의류,스커트,SK,298000,272200
M,1,RF,당시즌의류,우븐팬츠,WP,1172000,1128370
M,1,RF,당시즌의류,점퍼,JP,3648000,3386800
M,1,RF,당시즌의류,진바지,DP,716000,706010
M,1,RF,당시즌의류,트레이닝(상의),TR,1062000,939630
M,1,RF,당시즌의류,패딩,PD,219000,219000
M,1,RF,당시즌의류,팬츠,PT,4887000,4373990
M,1,RF,당시즌의류,폴라폴리스점퍼,FD,219000,175200
M,1,RF,당시즌의류,후드티,HD,2301000,2176450
M,1,RF,차시즌의류,맨투맨,MT,416000,392200
M,1,RF,차시즌의류,반팔카라티셔츠,TS,2001000,1981890
M,1,RF,차시즌의류,팬츠,PT,396000,396000
M,1,RF,차시즌의류,후드티,HD,625000,605870
M,1,백화점,Acc_etc,기타,ET,7294000,7146270
M,1,백화점,Acc_etc,머플러(스카프),MF,25494000,24612070
M,1,백화점,Acc_etc,양말,SO,13862500,13592580
M,1,백화점,Acc_etc,파우치,PO,7508000,7320860
M,1,백화점,Bag,가방,BG,2985000,2089500
M,1,백화점,Bag,백팩,BK,6069000,5853530
M,1,백화점,Bag,버킷백,BM,17660000,16789170
M,1,백화점,Bag,쇼퍼백,OR,244452000,238210700
M,1,백화점,Bag,숄더백,BQ,413013000,403022190
M,1,백화점,Bag,크로스백,CR,35526000,34230420
M,1,백화점,Bag,힙색,HS,13606000,13188480
M,1,백화점,Headwear,방한모,WM,37890000,37073800
M,1,백화점,Headwear,비니,BN,256552000,250959120
M,1,백화점,Headwear,여성 베레모,CB,13190000,12810090
M,1,백화점,Headwear,운동모,CP,663095000,650007850
M,1,백화점,Headwear,햇,HT,101413000,99053860
M,1,백화점,Shoes,런닝화,RN,122898000,118882820
M,1,백화점,Shoes,뮬,MU,21543000,20313860
M,1,백화점,Shoes,방한화,WB,186642000,180542910
M,1,백화점,Shoes,샌들,SD,475000,361000
M,1,백화점,Shoes,스니커즈,SX,869966000,829090400
M,1,백화점,Shoes,슬리퍼,LP,784000,773990
M,1,백화점,Shoes,신발,SH,380276000,354955320
M,1,백화점,과시즌의류,니트가디건,KC,1791000,1764850
M,1,백화점,과시즌의류,데님셔츠,DR,0,0
M,1,백화점,과시즌의류,맨투맨,MT,1941000,1050030
M,1,백화점,과시즌의류,반바지,SP,0,0
M,1,백화점,과시즌의류,반팔카라티셔츠,TS,3232000,3163540
M,1,백화점,과시즌의류,방풍자켓,WJ,378000,378000
M,1,백화점,과시즌의류,우븐셔츠,WS,3427000,1713480
M,1,백화점,과시즌의류,점퍼,JP,50421000,26775940
M,1,백화점,과시즌의류,탱크탑,TK,0,0
M,1,백화점,과시즌의류,트레이닝(상의),TR,13078000,7128470
M,1,백화점,과시즌의류,팬츠,PT,16477000,11287350
M,1,백화점,과시즌의류,폴라폴리스점퍼,FD,47641000,24338130
M,1,백화점,과시즌의류,후드티,HD,11392000,5815000
M,1,백화점,당시즌의류,니트가디건,KC,27421000,25888520
M,1,백화점,당시즌의류,니트풀오버,KP,24033000,23065810
M,1,백화점,당시즌의류,다운베스트,DV,96808000,93972680
M,1,백화점,당시즌의류,다운점퍼,DJ,2018613000,1947694340
M,1,백화점,당시즌의류,데님셔츠,DR,2666000,2590760
M,1,백화점,당시즌의류,데님원피스,DD,199000,199000
M,1,백화점,당시즌의류,레깅스,LG,771000,771010
M,1,백화점,당시즌의류,맨투맨,MT,192612000,187564820
M,1,백화점,당시즌의류,반팔카라티셔츠,TS,9818000,9500090
M,1,백화점,당시즌의류,방풍자켓,WJ,8364000,8173550
M,1,백화점,당시즌의류,스커트,SK,6694000,6298250
M,1,백화점,당시즌의류,우븐셔츠,WS,1752000,1752000
M,1,백화점,당시즌의류,우븐팬츠,WP,35896000,34866380
M,1,백화점,당시즌의류,원피스,OP,1211000,1197100
M,1,백화점,당시즌의류,점퍼,JP,75942000,73048970
M,1,백화점,당시즌의류,진바지,DP,13116000,12519230
M,1,백화점,당시즌의류,진스커트,DS,139000,124010
M,1,백화점,당시즌의류,트레이닝(상의),TR,62299000,60307080
M,1,백화점,당시즌의류,패딩,PD,11169000,10793680
M,1,백화점,당시즌의류,팬츠,PT,262468000,254718250
M,1,백화점,당시즌의류,폴라폴리스점퍼,FD,12446000,12062060
M,1,백화점,당시즌의류,후드티,HD,107381000,103924700
M,1,백화점,차시즌의류,맨투맨,MT,34282000,33033700
M,1,백화점,차시즌의류,반팔카라티셔츠,TS,43401000,42177680
M,1,백화점,차시즌의류,점퍼,JP,598000,568100
M,1,백화점,차시즌의류,트레이닝(상의),TR,2023000,1979020
M,1,백화점,차시즌의류,팬츠,PT,9999000,9639350
M,1,백화점,차시즌의류,후드티,HD,18175000,17733120
M,11,직영몰,Acc_etc,기타,ET,759000,759000
M,11,직영몰,Acc_etc,머플러(스카프),MF,2077000,2014400
M,11,직영몰,Acc_etc,양말,SO,952300,933010
M,11,직영몰,Acc_etc,캐리어(하드케이스),HH,249000,249000
M,11,직영몰,Acc_etc,파우치,PO,944000,928660
M,11,직영몰,Bag,백팩,BK,818000,818000
M,11,직영몰,Bag,버킷백,BM,705000,692100
M,11,직영몰,Bag,쇼퍼백,OR,3347000,3307200
M,11,직영몰,Bag,숄더백,BQ,6803000,6703140
M,11,직영몰,Bag,크로스백,CR,3362000,3295600
M,11,직영몰,Bag,힙색,HS,792000,772100
M,11,직영몰,Headwear,방한모,WM,5392000,5326600
M,11,직영몰,Headwear,비니,BN,34256000,33853710
M,11,직영몰,Headwear,여성 베레모,CB,546000,538100
M,11,직영몰,Headwear,운동모,CP,114101000,113228350
M,11,직영몰,Headwear,햇,HT,13092000,12804600
M,11,직영몰,Shoes,런닝화,RN,7434000,7252970
M,11,직영몰,Shoes,뮬,MU,2730000,2579500
M,11,직영몰,Shoes,방한화,WB,20167000,19799090
M,11,직영몰,Shoes,스니커즈,SX,41470000,39822510
M,11,직영몰,Shoes,신발,SH,22942000,21740320
M,11,직영몰,과시즌의류,니트가디건,KC,796000,796000
M,11,직영몰,과시즌의류,반팔카라티셔츠,TS,236000,236000
M,11,직영몰,과시즌의류,방풍자켓,WJ,189000,189000
M,11,직영몰,과시즌의류,점퍼,JP,1395000,697500
M,11,직영몰,과시즌의류,팬츠,PT,625000,625000
M,11,직영몰,과시즌의류,폴라폴리스점퍼,FD,3403000,1811000
M,11,직영몰,과시즌의류,후드티,HD,507000,253500
M,11,직영몰,당시즌의류,니트가디건,KC,2689000,2616300
M,11,직영몰,당시즌의류,니트풀오버,KP,4627000,4535050
M,11,직영몰,당시즌의류,다운베스트,DV,7647000,7465600
M,11,직영몰,당시즌의류,다운점퍼,DJ,155215000,149904620
M,11,직영몰,당시즌의류,데님셔츠,DR,1243000,1178370
M,11,직영몰,당시즌의류,레깅스,LG,257000,240200
M,11,직영몰,당시즌의류,맨투맨,MT,19767000,19132700
M,11,직영몰,당시즌의류,반팔카라티셔츠,TS,484000,476100
M,11,직영몰,당시즌의류,방풍자켓,WJ,1742000,1632500
M,11,직영몰,당시즌의류,스커트,SK,427000,427000
M,11,직영몰,당시즌의류,우븐팬츠,WP,6932000,6670080
M,11,직영몰,당시즌의류,점퍼,JP,6180000,5915780
M,11,직영몰,당시즌의류,진바지,DP,1402000,1372340
M,11,직영몰,당시즌의류,진스커트,DS,278000,264100
M,11,직영몰,당시즌의류,진자켓,DK,269000,269000
M,11,직영몰,당시즌의류,트레이닝(상의),TR,7387000,7149640
M,11,직영몰,당시즌의류,패딩,PD,657000,635100
M,11,직영몰,당시즌의류,팬츠,PT,27890000,27117210
M,11,직영몰,당시즌의류,폴라폴리스점퍼,FD,1374000,1326200
M,11,직영몰,당시즌의류,후드티,HD,9752000,9350100
M,11,직영몰,차시즌의류,맨투맨,MT,3356000,3300600
M,11,직영몰,차시즌의류,반팔카라티셔츠,TS,2415000,2332200
M,11,직영몰,차시즌의류,팬츠,PT,1287000,1257300
M,11,직영몰,차시즌의류,후드티,HD,1448000,1398400
M,2,면세점,Acc_etc,기타,ET,2208000,2208000
M,2,면세점,Acc_etc,머플러(스카프),MF,58858000,58858030
M,2,면세점,Acc_etc,양말,SO,8909900,8909920
M,2,면세점,Acc_etc,파우치,PO,7421000,7420990
M,2,면세점,Bag,가방,BG,45803000,32668910
M,2,면세점,Bag,백팩,BK,13352000,13352000
M,2,면세점,Bag,버킷백,BM,753915000,753916660
M,2,면세점,Bag,쇼퍼백,OR,50103000,50102980
M,2,면세점,Bag,숄더백,BQ,165258000,165258120
M,2,면세점,Bag,크로스백,CR,56245000,56244950
M,2,면세점,Bag,힙색,HS,78547000,78547000
M,2,면세점,Headwear,방한모,WM,4378000,4378000
M,2,면세점,Headwear,비니,BN,1025973000,1025942650
M,2,면세점,Headwear,여성 베레모,CB,12998000,12997990
M,2,면세점,Headwear,운동모,CP,3892126000,3892072150
M,2,면세점,Headwear,햇,HT,138076000,138057090
M,2,면세점,Shoes,런닝화,RN,164765000,164764990
M,2,면세점,Shoes,뮬,MU,8033000,5623070
M,2,면세점,Shoes,방한화,WB,32227000,32227000
M,2,면세점,Shoes,스니커즈,SX,537474000,527294730
M,2,면세점,Shoes,신발,SH,227638000,216880000
M,2,면세점,과시즌의류,니트가디건,KC,1592000,1592000
M,2,면세점,과시즌의류,니트풀오버,KP,1113000,1113000
M,2,면세점,과시즌의류,다운점퍼,DJ,62257000,62257000
M,2,면세점,과시즌의류,데님원피스,DD,996000,996000
M,2,면세점,과시즌의류,레깅스,LG,89000,89000
M,2,면세점,과시즌의류,맨투맨,MT,6906000,6808800
M,2,면세점,과시즌의류,반팔카라티셔츠,TS,531000,531000
M,2,면세점,과시즌의류,방풍자켓,WJ,2288000,2288000
M,2,면세점,과시즌의류,우븐팬츠,WP,139000,139000
M,2,면세점,과시즌의류,원피스,OP,895000,895000
M,2,면세점,과시즌의류,점퍼,JP,9690000,9690000
M,2,면세점,과시즌의류,진바지,DP,517000,517000
M,2,면세점,과시즌의류,진스커트,DS,427000,427000
M,2,면세점,과시즌의류,팬츠,PT,4435000,4435000
M,2,면세점,과시즌의류,후드티,HD,954000,954000
M,2,면세점,당시즌의류,니트가디건,KC,13563000,13563000
M,2,면세점,당시즌의류,니트풀오버,KP,1134000,1134000
M,2,면세점,당시즌의류,다운베스트,DV,12806000,12806000
M,2,면세점,당시즌의류,다운점퍼,DJ,2350879000,2350877020
M,2,면세점,당시즌의류,데님셔츠,DR,1571000,1571000
M,2,면세점,당시즌의류,데님원피스,DD,199000,199000
M,2,면세점,당시즌의류,맨투맨,MT,43729000,43729000
M,2,면세점,당시즌의류,방풍자켓,WJ,2091000,2091000
M,2,면세점,당시즌의류,원피스,OP,258000,258000
M,2,면세점,당시즌의류,점퍼,JP,14973000,14973000
M,2,면세점,당시즌의류,진바지,DP,2436000,2436000
M,2,면세점,당시즌의류,진스커트,DS,139000,139000
M,2,면세점,당시즌의류,트레이닝(상의),TR,9573000,9573000
M,2,면세점,당시즌의류,팬츠,PT,15403000,15403000
M,2,면세점,당시즌의류,후드티,HD,13861000,13861000
M,2,면세점,차시즌의류,맨투맨,MT,62015000,62015000
M,2,면세점,차시즌의류,반팔카라티셔츠,TS,366597000,366595460
M,2,면세점,차시즌의류,점퍼,JP,6877000,6877000
M,2,면세점,차시즌의류,트레이닝(상의),TR,595000,595000
M,2,면세점,차시즌의류,팬츠,PT,6534000,6534000
M,2,면세점,차시즌의류,후드티,HD,30409000,30408930
M,3,RF,Acc_etc,기타,ET,542000,521300
M,3,RF,Acc_etc,머플러(스카프),MF,1950000,1715100
M,3,RF,Acc_etc,양말,SO,472100,448100
M,3,RF,Acc_etc,파우치,PO,658000,658000
M,3,RF,Bag,백팩,BK,218000,200300
M,3,RF,Bag,버킷백,BM,7363000,5428000
M,3,RF,Bag,쇼퍼백,OR,8201000,6074330
M,3,RF,Bag,숄더백,BQ,8278000,7072290
M,3,RF,Bag,크로스백,CR,1587000,1587000
M,3,RF,Bag,힙색,HS,525000,525000
M,3,RF,Headwear,방한모,WM,1551000,1551000
M,3,RF,Headwear,비니,BN,37683000,29303960
M,3,RF,Headwear,여성 베레모,CB,1042000,905200
M,3,RF,Headwear,운동모,CP,331852000,244201760
M,3,RF,Headwear,햇,HT,9192000,7683600
M,3,RF,Shoes,런닝화,RN,8208000,7069420
M,3,RF,Shoes,뮬,MU,1249000,1005100
M,3,RF,Shoes,방한화,WB,4773000,4211400
M,3,RF,Shoes,스니커즈,SX,42605000,34812530
M,3,RF,Shoes,신발,SH,28918000,22621000
M,3,RF,과시즌의류,니트가디건,KC,398000,398000
M,3,RF,과시즌의류,팬츠,PT,367000,295600
M,3,RF,당시즌의류,니트가디건,KC,2708000,2272100
M,3,RF,당시즌의류,니트풀오버,KP,1463000,1274900
M,3,RF,당시즌의류,다운베스트,DV,8781000,7150200
M,3,RF,당시즌의류,다운점퍼,DJ,151547000,115058290
M,3,RF,당시즌의류,데님셔츠,DR,587000,587000
M,3,RF,당시즌의류,맨투맨,MT,11210000,9078200
M,3,RF,당시즌의류,반팔카라티셔츠,TS,1956000,1514400
M,3,RF,당시즌의류,방풍자켓,WJ,548000,548000
M,3,RF,당시즌의류,스커트,SK,328000,280300
M,3,RF,당시즌의류,우븐셔츠,WS,398000,332300
M,3,RF,당시즌의류,우븐팬츠,WP,2820000,2563800
M,3,RF,당시즌의류,원피스,OP,139000,139000
M,3,RF,당시즌의류,점퍼,JP,3608000,3267200
M,3,RF,당시즌의류,진바지,DP,1044000,945600
M,3,RF,당시즌의류,진스커트,DS,288000,288000
M,3,RF,당시즌의류,진자켓,DK,269000,188300
M,3,RF,당시즌의류,트레이닝(상의),TR,2612000,2326100
M,3,RF,당시즌의류,패딩,PD,1752000,1489200
M,3,RF,당시즌의류,팬츠,PT,16255000,12689220
M,3,RF,당시즌의류,폴라폴리스점퍼,FD,1095000,963600
M,3,RF,당시즌의류,후드티,HD,6967000,5969500
M,3,RF,차시즌의류,맨투맨,MT,763000,620200
M,3,RF,차시즌의류,반팔카라티셔츠,TS,2346000,2118300
M,3,RF,차시즌의류,점퍼,JP,299000,209300
M,3,RF,차시즌의류,후드티,HD,556000,514300
M,3,직영점(가두),Acc_etc,기타,ET,5085000,5071200
M,3,직영점(가두),Acc_etc,머플러(스카프),MF,11572000,11502790
M,3,직영점(가두),Acc_etc,양말,SO,3589800,3559530
M,3,직영점(가두),Acc_etc,파우치,PO,5215000,5174970
M,3,직영점(가두),Bag,가방,BG,995000,696500
M,3,직영점(가두),Bag,백팩,BK,3514000,3506470
M,3,직영점(가두),Bag,버킷백,BM,4647000,4631100
M,3,직영점(가두),Bag,쇼퍼백,OR,14732000,14155500
M,3,직영점(가두),Bag,숄더백,BQ,40582000,39315810
M,3,직영점(가두),Bag,크로스백,CR,12220000,12035400
M,3,직영점(가두),Bag,힙색,HS,8258000,8207500
M,3,직영점(가두),Headwear,방한모,WM,9736000,9632570
M,3,직영점(가두),Headwear,비니,BN,75291000,72905580
M,3,직영점(가두),Headwear,여성 베레모,CB,3630000,3573800
M,3,직영점(가두),Headwear,운동모,CP,304181000,299150260
M,3,직영점(가두),Headwear,햇,HT,28908000,28567320
M,3,직영점(가두),Shoes,런닝화,RN,28478000,28132620
M,3,직영점(가두),Shoes,뮬,MU,1656000,1604610
M,3,직영점(가두),Shoes,방한화,WB,28021000,27378910
M,3,직영점(가두),Shoes,스니커즈,SX,122244000,119205840
M,3,직영점(가두),Shoes,슬리퍼,LP,147000,147000
M,3,직영점(가두),Shoes,신발,SH,50132000,49310030
M,3,직영점(가두),과시즌의류,니트가디건,KC,199000,199000
M,3,직영점(가두),과시즌의류,반팔카라티셔츠,TS,531000,521000
M,3,직영점(가두),과시즌의류,방풍자켓,WJ,567000,563600
M,3,직영점(가두),과시즌의류,점퍼,JP,339000,339000
M,3,직영점(가두),과시즌의류,트레이닝(상의),TR,815000,815000
M,3,직영점(가두),과시즌의류,팬츠,PT,744000,744000
M,3,직영점(가두),과시즌의류,후드티,HD,357000,357000
M,3,직영점(가두),당시즌의류,니트가디건,KC,8282000,8132780
M,3,직영점(가두),당시즌의류,니트풀오버,KP,4229000,4163170
M,3,직영점(가두),당시즌의류,다운베스트,DV,17043000,16740830
M,3,직영점(가두),당시즌의류,다운점퍼,DJ,293919000,278596080
M,3,직영점(가두),당시즌의류,데님셔츠,DR,2925000,2925000
M,3,직영점(가두),당시즌의류,데님원피스,DD,597000,597000
M,3,직영점(가두),당시즌의류,레깅스,LG,425000,401300
M,3,직영점(가두),당시즌의류,맨투맨,MT,49069000,48650710
M,3,직영점(가두),당시즌의류,반팔카라티셔츠,TS,1699000,1695850
M,3,직영점(가두),당시즌의류,방풍자켓,WJ,3943000,3938930
M,3,직영점(가두),당시즌의류,스커트,SK,1600000,1515910
M,3,직영점(가두),당시즌의류,우븐셔츠,WS,1811000,1739180
M,3,직영점(가두),당시즌의류,우븐팬츠,WP,6664000,6573760
M,3,직영점(가두),당시즌의류,원피스,OP,387000,387000
M,3,직영점(가두),당시즌의류,점퍼,JP,20613000,20418360
M,3,직영점(가두),당시즌의류,진바지,DP,3521000,3511330
M,3,직영점(가두),당시즌의류,진스커트,DS,278000,278000
M,3,직영점(가두),당시즌의류,진자켓,DK,558000,548000
M,3,직영점(가두),당시즌의류,트레이닝(상의),TR,15819000,15667310
M,3,직영점(가두),당시즌의류,패딩,PD,3723000,3591600
M,3,직영점(가두),당시즌의류,팬츠,PT,34349000,33610370
M,3,직영점(가두),당시즌의류,폴라폴리스점퍼,FD,6093000,5961600
M,3,직영점(가두),당시즌의류,후드티,HD,20330000,19614560
M,3,직영점(가두),차시즌의류,맨투맨,MT,5712000,5664990
M,3,직영점(가두),차시즌의류,반팔카라티셔츠,TS,11937000,11826910
M,3,직영점(가두),차시즌의류,점퍼,JP,2392000,2362100
M,3,직영점(가두),차시즌의류,트레이닝(상의),TR,595000,595000
M,3,직영점(가두),차시즌의류,팬츠,PT,2178000,2166000
M,3,직영점(가두),차시즌의류,후드티,HD,4176000,4120740
M,4,RF,Bag,버킷백,BM,16125000,10158750
M,4,RF,Bag,쇼퍼백,OR,14170000,8927100
M,4,RF,Bag,숄더백,BQ,22935000,14449050
M,4,RF,Headwear,운동모,CP,210935000,131161590
M,4,RF,Headwear,햇,HT,511000,321930
M,4,RF,Shoes,스니커즈,SX,30302000,19090260
M,4,RF,Shoes,신발,SH,11354000,7153020
M,4,자사몰,Acc_etc,기타,ET,552000,496440
M,4,자사몰,Acc_etc,머플러(스카프),MF,2065000,1883650
M,4,자사몰,Acc_etc,양말,SO,1674300,1355419
M,4,자사몰,Acc_etc,파우치,PO,931000,766900
M,4,자사몰,Bag,가방,BG,199000,131360
M,4,자사몰,Bag,백팩,BK,475000,457216
M,4,자사몰,Bag,버킷백,BM,576000,531840
M,4,자사몰,Bag,쇼퍼백,OR,3912000,3637160
M,4,자사몰,Bag,숄더백,BQ,18294000,16950684
M,4,자사몰,Bag,크로스백,CR,3174000,3017814
M,4,자사몰,Bag,힙색,HS,1109000,1005010
M,4,자사몰,Headwear,방한모,WM,12494000,11401470
M,4,자사몰,Headwear,비니,BN,34644000,29486538
M,4,자사몰,Headwear,여성 베레모,CB,768000,742248
M,4,자사몰,Headwear,운동모,CP,107375000,89770352
M,4,자사몰,Headwear,햇,HT,5194000,4625920
M,4,자사몰,Shoes,런닝화,RN,45698000,42535556
M,4,자사몰,Shoes,뮬,MU,585000,350450
M,4,자사몰,Shoes,방한화,WB,63263000,58176370
M,4,자사몰,Shoes,스니커즈,SX,31924000,30356945
M,4,자사몰,Shoes,신발,SH,19396000,18064069
M,4,자사몰,과시즌의류,니트가디건,KC,199000,164310
M,4,자사몰,과시즌의류,다운점퍼,DJ,2381000,2297100
M,4,자사몰,과시즌의류,레깅스,LG,89000,79100
M,4,자사몰,과시즌의류,맨투맨,MT,773000,582900
M,4,자사몰,과시즌의류,반팔카라티셔츠,TS,364000,318610
M,4,자사몰,과시즌의류,우븐셔츠,WS,447000,189500
M,4,자사몰,과시즌의류,우븐팬츠,WP,139000,139000
M,4,자사몰,과시즌의류,점퍼,JP,5102000,2547300
M,4,자사몰,과시즌의류,진바지,DP,726000,708140
M,4,자사몰,과시즌의류,진자켓,DK,0,0
M,4,자사몰,과시즌의류,트레이닝(상의),TR,3011000,1747540
M,4,자사몰,과시즌의류,팬츠,PT,4333000,3712570
M,4,자사몰,과시즌의류,폴라폴리스점퍼,FD,9373000,4355630
M,4,자사몰,과시즌의류,후드티,HD,2137000,1148620
M,4,자사몰,당시즌의류,니트가디건,KC,1513000,1463316
M,4,자사몰,당시즌의류,니트풀오버,KP,1592000,1514510
M,4,자사몰,당시즌의류,다운베스트,DV,4639000,4340740
M,4,자사몰,당시즌의류,다운점퍼,DJ,169724000,158452030
M,4,자사몰,당시즌의류,데님셔츠,DR,527000,527000
M,4,자사몰,당시즌의류,레깅스,LG,623000,610800
M,4,자사몰,당시즌의류,맨투맨,MT,29005000,26973110
M,4,자사몰,당시즌의류,반팔카라티셔츠,TS,2094000,1918280
M,4,자사몰,당시즌의류,방풍자켓,WJ,975000,907590
M,4,자사몰,당시즌의류,스커트,SK,824000,777100
M,4,자사몰,당시즌의류,우븐팬츠,WP,4451000,4245430
M,4,자사몰,당시즌의류,원피스,OP,139000,120000
M,4,자사몰,당시즌의류,점퍼,JP,3050000,2946600
M,4,자사몰,당시즌의류,진바지,DP,1741000,1620550
M,4,자사몰,당시즌의류,진스커트,DS,0,0
M,4,자사몰,당시즌의류,트레이닝(상의),TR,9057000,8572570
M,4,자사몰,당시즌의류,패딩,PD,0,-30000
M,4,자사몰,당시즌의류,팬츠,PT,27175000,25386458
M,4,자사몰,당시즌의류,폴라폴리스점퍼,FD,717000,606230
M,4,자사몰,당시즌의류,후드티,HD,18426000,17268665
M,4,자사몰,차시즌의류,맨투맨,MT,3437000,3271139
M,4,자사몰,차시즌의류,반팔카라티셔츠,TS,2622000,2351747
M,4,자사몰,차시즌의류,점퍼,JP,598000,576000
M,4,자사몰,차시즌의류,트레이닝(상의),TR,119000,99580
M,4,자사몰,차시즌의류,팬츠,PT,297000,272140
M,4,자사몰,차시즌의류,후드티,HD,3395000,3293093
M,5,제휴몰,Acc_etc,기타,ET,5322000,5322000
M,5,제휴몰,Acc_etc,머플러(스카프),MF,5285000,5285000
M,5,제휴몰,Acc_etc,양말,SO,993200,993200
M,5,제휴몰,Acc_etc,캐리어(하드케이스),HH,249000,249000
M,5,제휴몰,Acc_etc,파우치,PO,694000,694000
M,5,제휴몰,Bag,가방,BG,1194000,835800
M,5,제휴몰,Bag,백팩,BK,1080000,1080000
M,5,제휴몰,Bag,버킷백,BM,1788000,1788000
M,5,제휴몰,Bag,쇼퍼백,OR,6236000,6236000
M,5,제휴몰,Bag,숄더백,BQ,29344000,29344000
M,5,제휴몰,Bag,크로스백,CR,5753000,5753000
M,5,제휴몰,Bag,힙색,HS,1901000,1901000
M,5,제휴몰,Headwear,방한모,WM,16989000,16989000
M,5,제휴몰,Headwear,비니,BN,144818000,144759690
M,5,제휴몰,Headwear,여성 베레모,CB,2268000,2268000
M,5,제휴몰,Headwear,운동모,CP,383261000,383177080
M,5,제휴몰,Headwear,햇,HT,20755000,20755000
M,5,제휴몰,Shoes,런닝화,RN,43651000,43651080
M,5,제휴몰,Shoes,뮬,MU,4372000,3158500
M,5,제휴몰,Shoes,방한화,WB,83027000,83027000
M,5,제휴몰,Shoes,샌들,SD,-95000,-95000
M,5,제휴몰,Shoes,스니커즈,SX,60789000,58480200
M,5,제휴몰,Shoes,슬리퍼,LP,245000,245000
M,5,제휴몰,Shoes,신발,SH,100093000,83710350
M,5,제휴몰,과시즌의류,니트가디건,KC,1791000,1791000
M,5,제휴몰,과시즌의류,다운점퍼,DJ,4698000,4466800
M,5,제휴몰,과시즌의류,레깅스,LG,0,0
M,5,제휴몰,과시즌의류,맨투맨,MT,1159000,763000
M,5,제휴몰,과시즌의류,반팔카라티셔츠,TS,305000,305000
M,5,제휴몰,과시즌의류,방풍자켓,WJ,0,0
M,5,제휴몰,과시즌의류,우븐셔츠,WS,3278000,1639000
M,5,제휴몰,과시즌의류,점퍼,JP,14550000,8691000
M,5,제휴몰,과시즌의류,진바지,DP,567000,567000
M,5,제휴몰,과시즌의류,트레이닝(상의),TR,5108000,2882000
M,5,제휴몰,과시즌의류,팬츠,PT,6164000,4640300
M,5,제휴몰,과시즌의류,폴라폴리스점퍼,FD,36696000,18786060
M,5,제휴몰,과시즌의류,후드티,HD,7862000,4228500
M,5,제휴몰,당시즌의류,니트가디건,KC,1294000,1294000
M,5,제휴몰,당시즌의류,니트풀오버,KP,1990000,1990000
M,5,제휴몰,당시즌의류,다운베스트,DV,13915000,13915000
M,5,제휴몰,당시즌의류,다운점퍼,DJ,604130000,604129800
M,5,제휴몰,당시즌의류,데님셔츠,DR,686000,686000
M,5,제휴몰,당시즌의류,레깅스,LG,0,0
M,5,제휴몰,당시즌의류,맨투맨,MT,40586000,40586000
M,5,제휴몰,당시즌의류,반팔카라티셔츠,TS,1066000,1066000
M,5,제휴몰,당시즌의류,방풍자켓,WJ,3741000,3741000
M,5,제휴몰,당시즌의류,스커트,SK,407000,407000
M,5,제휴몰,당시즌의류,우븐팬츠,WP,4390000,4390000
M,5,제휴몰,당시즌의류,원피스,OP,407000,407000
M,5,제휴몰,당시즌의류,점퍼,JP,14274000,14274000
M,5,제휴몰,당시즌의류,진바지,DP,2794000,2794000
M,5,제휴몰,당시즌의류,진스커트,DS,139000,139000
M,5,제휴몰,당시즌의류,진자켓,DK,299000,299000
M,5,제휴몰,당시즌의류,트레이닝(상의),TR,12711000,12711000
M,5,제휴몰,당시즌의류,패딩,PD,876000,876000
M,5,제휴몰,당시즌의류,팬츠,PT,39557000,39557000
M,5,제휴몰,당시즌의류,폴라폴리스점퍼,FD,1892000,1892000
M,5,제휴몰,당시즌의류,후드티,HD,25440000,25440000
M,5,제휴몰,차시즌의류,맨투맨,MT,456000,456000
M,5,제휴몰,차시즌의류,반팔카라티셔츠,TS,759000,759000
M,5,제휴몰,차시즌의류,점퍼,JP,598000,598000
M,5,제휴몰,차시즌의류,트레이닝(상의),TR,0,0
M,5,제휴몰,차시즌의류,팬츠,PT,99000,99000
M,5,제휴몰,차시즌의류,후드티,HD,417000,417000
M,6,RF,Acc_etc,기타,ET,69000,69000
M,6,RF,Acc_etc,머플러(스카프),MF,2616000,2431600
M,6,RF,Acc_etc,양말,SO,1002200,964150
M,6,RF,Acc_etc,캐리어(하드케이스),HH,249000,199200
M,6,RF,Acc_etc,파우치,PO,567000,541550
M,6,RF,Bag,가방,BG,398000,278600
M,6,RF,Bag,백팩,BK,795000,667800
M,6,RF,Bag,버킷백,BM,1489000,1217000
M,6,RF,Bag,쇼퍼백,OR,2195000,1819600
M,6,RF,Bag,숄더백,BQ,7917000,6647000
M,6,RF,Bag,크로스백,CR,1468000,1269600
M,6,RF,Bag,힙색,HS,287000,247400
M,6,RF,Headwear,방한모,WM,1609000,1468800
M,6,RF,Headwear,비니,BN,15622000,13763130
M,6,RF,Headwear,여성 베레모,CB,468000,421800
M,6,RF,Headwear,운동모,CP,45546000,41205350
M,6,RF,Headwear,햇,HT,5787000,5009000
M,6,RF,Shoes,런닝화,RN,16158000,13679990
M,6,RF,Shoes,뮬,MU,986000,919100
M,6,RF,Shoes,방한화,WB,7985000,7009430
M,6,RF,Shoes,스니커즈,SX,71721000,59568230
M,6,RF,Shoes,슬리퍼,LP,98000,98000
M,6,RF,Shoes,신발,SH,26877000,22519330
M,6,RF,과시즌의류,니트가디건,KC,398000,318400
M,6,RF,과시즌의류,반팔카라티셔츠,TS,246000,222400
M,6,RF,과시즌의류,방풍자켓,WJ,378000,340200
M,6,RF,과시즌의류,진자켓,DK,0,0
M,6,RF,과시즌의류,트레이닝(상의),TR,338000,304200
M,6,RF,과시즌의류,팬츠,PT,605000,552600
M,6,RF,과시즌의류,후드티,HD,119000,119000
M,6,RF,당시즌의류,니트가디건,KC,1225000,1071600
M,6,RF,당시즌의류,니트풀오버,KP,418000,334400
M,6,RF,당시즌의류,다운베스트,DV,6094000,5289400
M,6,RF,당시즌의류,다운점퍼,DJ,76197000,65614050
M,6,RF,당시즌의류,데님셔츠,DR,169000,135200
M,6,RF,당시즌의류,레깅스,LG,89000,89000
M,6,RF,당시즌의류,맨투맨,MT,10262000,9003010
M,6,RF,당시즌의류,반팔카라티셔츠,TS,375000,315800
M,6,RF,당시즌의류,방풍자켓,WJ,1016000,904400
M,6,RF,당시즌의류,스커트,SK,338000,338000
M,6,RF,당시즌의류,우븐팬츠,WP,1390000,1227200
M,6,RF,당시즌의류,점퍼,JP,2512000,2201000
M,6,RF,당시즌의류,진바지,DP,328000,328000
M,6,RF,당시즌의류,트레이닝(상의),TR,2969000,2563800
M,6,RF,당시즌의류,패딩,PD,1314000,1182600
M,6,RF,당시즌의류,팬츠,PT,8118000,7177080
M,6,RF,당시즌의류,폴라폴리스점퍼,FD,896000,804400
M,6,RF,당시즌의류,후드티,HD,2918000,2608000
M,6,RF,차시즌의류,맨투맨,MT,1257000,1082800
M,6,RF,차시즌의류,반팔카라티셔츠,TS,1449000,1255800
M,6,RF,차시즌의류,트레이닝(상의),TR,238000,190400
M,6,RF,차시즌의류,팬츠,PT,297000,277200
M,6,RF,차시즌의류,후드티,HD,139000,139000
M,6,대리점,Acc_etc,기타,ET,2691000,2605470
M,6,대리점,Acc_etc,머플러(스카프),MF,32882000,32203870
M,6,대리점,Acc_etc,양말,SO,14323100,13725650
M,6,대리점,Acc_etc,캐리어(하드케이스),HH,548000,493220
M,6,대리점,Acc_etc,토시,ML,23000,23000
M,6,대리점,Acc_etc,파우치,PO,5176000,4827580
M,6,대리점,Bag,가방,BG,1592000,1114410
M,6,대리점,Bag,백팩,BK,4998000,4645450
M,6,대리점,Bag,버킷백,BM,22027000,20584280
M,6,대리점,Bag,쇼퍼백,OR,100546000,93541760
M,6,대리점,Bag,숄더백,BQ,82427000,79362500
M,6,대리점,Bag,크로스백,CR,23998000,23171460
M,6,대리점,Bag,힙색,HS,7268000,6978420
M,6,대리점,Headwear,메시캡,MC,0,0
M,6,대리점,Headwear,방한모,WM,27245000,26282850
M,6,대리점,Headwear,비니,BN,136991000,131689480
M,6,대리점,Headwear,여성 베레모,CB,5211000,5007050
M,6,대리점,Headwear,운동모,CP,481232000,472174510
M,6,대리점,Headwear,햇,HT,44497000,43120100
M,6,대리점,Shoes,런닝화,RN,92141000,87962120
M,6,대리점,Shoes,뮬,MU,11993000,11302240
M,6,대리점,Shoes,방한화,WB,123815000,120154340
M,6,대리점,Shoes,샌들,SD,95000,66500
M,6,대리점,Shoes,스니커즈,SX,669338000,634071420
M,6,대리점,Shoes,슬리퍼,LP,1892000,1820250
M,6,대리점,Shoes,신발,SH,258072000,241469430
M,6,대리점,과시즌의류,니트가디건,KC,1990000,1916780
M,6,대리점,과시즌의류,데님셔츠,DR,0,0
M,6,대리점,과시즌의류,레깅스,LG,89000,89000
M,6,대리점,과시즌의류,맨투맨,MT,555000,555000
M,6,대리점,과시즌의류,반바지,SP,267000,267000
M,6,대리점,과시즌의류,반팔카라티셔츠,TS,4634000,4544930
M,6,대리점,과시즌의류,반팔티셔츠,RS,79000,79000
M,6,대리점,과시즌의류,방풍자켓,WJ,418000,418000
M,6,대리점,과시즌의류,스커트,SK,159000,159000
M,6,대리점,과시즌의류,우븐반바지,SM,158000,158000
M,6,대리점,과시즌의류,우븐셔츠,WS,0,0
M,6,대리점,과시즌의류,우븐팬츠,WP,0,0
M,6,대리점,과시즌의류,원피스,OP,0,-11900
M,6,대리점,과시즌의류,점퍼,JP,5602000,5568100
M,6,대리점,과시즌의류,진바지,DP,199000,199000
M,6,대리점,과시즌의류,탱크탑,TK,118000,118000
M,6,대리점,과시즌의류,트레이닝(상의),TR,328000,324450
M,6,대리점,과시즌의류,팬츠,PT,6021000,5855080
M,6,대리점,과시즌의류,폴라폴리스점퍼,FD,219000,219000
M,6,대리점,과시즌의류,폴로 티셔츠,PQ,198000,198000
M,6,대리점,과시즌의류,후드티,HD,982000,929940
M,6,대리점,당시즌의류,니트가디건,KC,20102000,19288010
M,6,대리점,당시즌의류,니트풀오버,KP,18837000,17838390
M,6,대리점,당시즌의류,다운베스트,DV,53082000,51108030
M,6,대리점,당시즌의류,다운점퍼,DJ,1232277000,1177531640
M,6,대리점,당시즌의류,데님셔츠,DR,1213000,1107690
M,6,대리점,당시즌의류,데님원피스,DD,-199000,-289400
M,6,대리점,당시즌의류,레깅스,LG,2027000,1964620
M,6,대리점,당시즌의류,맨투맨,MT,156511000,151955880
M,6,대리점,당시즌의류,반팔카라티셔츠,TS,3920000,3791370
M,6,대리점,당시즌의류,방풍자켓,WJ,5514000,5247070
M,6,대리점,당시즌의류,스커트,SK,1769000,1567310
M,6,대리점,당시즌의류,우븐셔츠,WS,1095000,1081620
M,6,대리점,당시즌의류,우븐팬츠,WP,18405000,17383800
M,6,대리점,당시즌의류,원피스,OP,1350000,1265660
M,6,대리점,당시즌의류,점퍼,JP,39743000,37838510
M,6,대리점,당시즌의류,진바지,DP,10212000,9676610
M,6,대리점,당시즌의류,진스커트,DS,695000,636860
M,6,대리점,당시즌의류,진자켓,DK,0,-138760
M,6,대리점,당시즌의류,트레이닝(상의),TR,54694000,53035580
M,6,대리점,당시즌의류,패딩,PD,3942000,3719180
M,6,대리점,당시즌의류,팬츠,PT,204490000,197853280
M,6,대리점,당시즌의류,폴라폴리스점퍼,FD,13640000,13032620
M,6,대리점,당시즌의류,후드티,HD,103993000,101544770
M,6,대리점,차시즌의류,맨투맨,MT,23257000,22646400
M,6,대리점,차시즌의류,반팔카라티셔츠,TS,23322000,22137750
M,6,대리점,차시즌의류,점퍼,JP,1495000,1335000
M,6,대리점,차시즌의류,트레이닝(상의),TR,595000,592500
M,6,대리점,차시즌의류,팬츠,PT,4257000,4145260
M,6,대리점,차시즌의류,후드티,HD,11975000,11741550
M,8,사입,Bag,가방,BG,4140000,455400
M,8,사입,Bag,버킷백,BM,71550000,7870500
M,8,사입,Bag,보스톤백,BW,-179000,-44750
M,8,사입,Bag,쇼퍼백,OR,212930000,23422300
M,8,사입,Bag,숄더백,BQ,322887000,35517570
M,8,사입,Bag,크로스백,CR,0,0
M,8,사입,Headwear,방한모,WM,12166000,3041520
M,8,사입,Headwear,비니,BN,80577000,20814360
M,8,사입,Headwear,여성 베레모,CB,20412000,6123490
M,8,사입,Headwear,운동모,CP,72848000,18709780
M,8,사입,Headwear,햇,HT,43524000,11697540
M,8,사입,Shoes,뮬,MU,0,0
M,8,사입,Shoes,방한화,WB,54101000,16230350
M,8,사입,Shoes,샌들,SD,30972000,7742900
M,8,사입,Shoes,스니커즈,SX,210777000,52806470
M,8,사입,Shoes,슬리퍼,LP,34551000,8637750
M,8,사입,Shoes,신발,SH,148804000,35212390
M,8,사입,과시즌의류,니트,KT,1990000,218900
M,8,사입,과시즌의류,니트가디건,KC,-199000,-49750
M,8,사입,과시즌의류,니트풀오버,KP,41929000,10482180
M,8,사입,과시즌의류,다운베스트,DV,78621000,23586200
M,8,사입,과시즌의류,다운점퍼,DJ,691421000,179348780
M,8,사입,과시즌의류,맨투맨,MT,100121000,25227370
M,8,사입,과시즌의류,방풍자켓,WJ,0,0
M,8,사입,과시즌의류,원피스,OP,0,0
M,8,사입,과시즌의류,트레이닝(상의),TR,23153000,5788240
M,8,사입,과시즌의류,팬츠,PT,18911000,4721220
M,8,사입,과시즌의류,폴라폴리스점퍼,FD,116966000,31059150
M,8,사입,과시즌의류,후드티,HD,3563000,981300
M,99,기타,Acc_etc,기타,ET,1710000,0
M,99,기타,Acc_etc,머플러(스카프),MF,416000,119000
M,99,기타,Acc_etc,양말,SO,4091100,1537090
M,99,기타,Acc_etc,토시,ML,-57000,-57000
M,99,기타,Acc_etc,파우치,PO,545000,124000
M,99,기타,Bag,가방,BG,3379000,0
M,99,기타,Bag,백팩,BK,337000,29500
M,99,기타,Bag,버킷백,BM,1102000,352500
M,99,기타,Bag,보스톤백,BW,1790000,0
M,99,기타,Bag,쇼퍼백,OR,5199000,276300
M,99,기타,Bag,숄더백,BQ,8826000,3026850
M,99,기타,Bag,크로스백,CR,3250000,216300
M,99,기타,Bag,힙색,HS,1630000,862000
M,99,기타,Headwear,메시캡,MC,2759000,0
M,99,기타,Headwear,방한모,WM,1821000,39500
M,99,기타,Headwear,비니,BN,36309000,34816830
M,99,기타,Headwear,선캡,SC,677000,0
M,99,기타,Headwear,여성 베레모,CB,10153000,8427270
M,99,기타,Headwear,운동모,CP,139786000,69549940
M,99,기타,Headwear,햇,HT,16021000,4822410
M,99,기타,Shoes,런닝화,RN,1439000,719500
M,99,기타,Shoes,뮬,MU,6545000,148500
M,99,기타,Shoes,방한화,WB,8964000,703000
M,99,기타,Shoes,샌들,SD,34365000,354010
M,99,기타,Shoes,스니커즈,SX,126480000,9285280
M,99,기타,Shoes,슬리퍼,LP,10654000,145220
M,99,기타,Shoes,신발,SH,179498000,1177990
M,99,기타,Shoes,캔버스화,CV,12167000,0
M,99,기타,과시즌의류,니트,KT,398000,0
M,99,기타,과시즌의류,니트가디건,KC,17088000,254720
M,99,기타,과시즌의류,니트풀오버,KP,19693000,95360
M,99,기타,과시즌의류,다운베스트,DV,5058000,0
M,99,기타,과시즌의류,다운점퍼,DJ,78147000,0
M,99,기타,과시즌의류,데님셔츠,DR,9190000,199000
M,99,기타,과시즌의류,데님원피스,DD,249000,0
M,99,기타,과시즌의류,레깅스,LG,1958000,0
M,99,기타,과시즌의류,맨투맨,MT,73338000,541450
M,99,기타,과시즌의류,반바지,SP,6641000,101120
M,99,기타,과시즌의류,반팔카라티셔츠,TS,51186000,52400
M,99,기타,과시즌의류,반팔티셔츠,RS,79000,50560
M,99,기타,과시즌의류,방풍자켓,WJ,8644000,218010
M,99,기타,과시즌의류,스윔웨어,SW,1777000,0
M,99,기타,과시즌의류,스커트,SK,1529000,0
M,99,기타,과시즌의류,야구복,BS,1428000,0
M,99,기타,과시즌의류,우븐반바지,SM,5152000,53720
M,99,기타,과시즌의류,우븐셔츠,WS,6168000,0
M,99,기타,과시즌의류,우븐팬츠,WP,5859000,88960
M,99,기타,과시즌의류,원피스,OP,15000000,302260
M,99,기타,과시즌의류,점퍼,JP,26297000,3445670
M,99,기타,과시즌의류,진바지,DP,4585000,216320
M,99,기타,과시즌의류,진자켓,DK,638000,0
M,99,기타,과시즌의류,탱크탑,TK,3092000,72260
M,99,기타,과시즌의류,트레이닝(상의),TR,17756000,0
M,99,기타,과시즌의류,트레이닝(하의),TP,89000,0
M,99,기타,과시즌의류,패딩,PD,658000,0
M,99,기타,과시즌의류,팬츠,PT,30083000,76160
M,99,기타,과시즌의류,폴라폴리스점퍼,FD,7369000,0
M,99,기타,과시즌의류,폴로 티셔츠,PQ,4694000,239410
M,99,기타,과시즌의류,후드티,HD,21336000,0
M,99,기타,당시즌의류,니트가디건,KC,677000,338500
M,99,기타,당시즌의류,다운베스트,DV,418000,209000
M,99,기타,당시즌의류,다운점퍼,DJ,18463000,13566490
M,99,기타,당시즌의류,데님셔츠,DR,219000,109500
M,99,기타,당시즌의류,맨투맨,MT,842000,460500
M,99,기타,당시즌의류,방풍자켓,WJ,189000,94500
M,99,기타,당시즌의류,우븐팬츠,WP,606000,303000
M,99,기타,당시즌의류,점퍼,JP,2033000,1016500
M,99,기타,당시즌의류,진바지,DP,318000,159000
M,99,기타,당시즌의류,진스커트,DS,139000,69500
M,99,기타,당시즌의류,트레이닝(상의),TR,894000,447000
M,99,기타,당시즌의류,팬츠,PT,2894000,1595500
M,99,기타,당시즌의류,폴라폴리스점퍼,FD,219000,109500
M,99,기타,당시즌의류,후드티,HD,3792000,2938510
M,99,기타,차시즌의류,맨투맨,MT,119000,59500
M,99,기타,차시즌의류,반팔카라티셔츠,TS,483000,241500
M,99,기타,차시즌의류,점퍼,JP,299000,149500
ST,1,백화점,Acc_etc,기타소품류,AC,210000,179890
ST,1,백화점,Acc_etc,머플러,AM,267000,216270
ST,1,백화점,Acc_etc,보호대,PR,215000,191500
ST,1,백화점,Acc_etc,볼,RK,119000,96390
ST,1,백화점,Acc_etc,양말,SO,1348400,1098360
ST,1,백화점,Acc_etc,헤드밴드,HB,246000,204010
ST,1,백화점,Bag,라켓백,RB,955000,769950
ST,1,백화점,Bag,백팩,BK,925000,787070
ST,1,백화점,Bag,보스톤백,BW,259000,181300
ST,1,백화점,Bag,슬링백,SG,198000,160380
ST,1,백화점,Bag,크로스백,CR,208000,168480
ST,1,백화점,Bag,토드백,TG,1383000,1120250
ST,1,백화점,Headwear,비니,BN,944000,791330
ST,1,백화점,Headwear,선캡,SC,1728000,1424610
ST,1,백화점,Headwear,운동모,CP,1513000,1228600
ST,1,백화점,Headwear,햇,HT,178000,161090
ST,1,백화점,Shoes,신발,SH,3642000,3040890
ST,1,백화점,과시즌의류,다운베스트,DV,2583000,1653120
ST,1,백화점,과시즌의류,다운점퍼,DJ,20013000,10632440
ST,1,백화점,과시즌의류,맨투맨,MT,5119000,2550520
ST,1,백화점,과시즌의류,방풍자켓,WJ,239000,119490
ST,1,백화점,과시즌의류,스커트,SK,1152000,984760
ST,1,백화점,과시즌의류,트레이닝(상의),TR,1591000,751710
ST,1,백화점,과시즌의류,트레이닝(하의),TP,3325000,1679270
ST,1,백화점,과시즌의류,팬츠,PT,2711000,1377460
ST,1,백화점,과시즌의류,폴로 티셔츠,PQ,169000,118300
ST,1,백화점,과시즌의류,후드티,HD,2574000,1362000
ST,1,백화점,당시즌의류,긴팔티셔츠,RL,366000,273850
ST,1,백화점,당시즌의류,니트가디건,KC,5762000,4033400
ST,1,백화점,당시즌의류,니트풀오버,KP,3484000,2438800
ST,1,백화점,당시즌의류,다운베스트,DV,1554000,1191400
ST,1,백화점,당시즌의류,다운점퍼,DJ,27348000,19559390
ST,1,백화점,당시즌의류,레깅스,LG,267000,216270
ST,1,백화점,당시즌의류,맨투맨,MT,16104000,11830680
ST,1,백화점,당시즌의류,반팔티셔츠,RS,69000,55890
ST,1,백화점,당시즌의류,방풍자켓,WJ,876000,647280
ST,1,백화점,당시즌의류,스커트,SK,7659000,6030280
ST,1,백화점,당시즌의류,원피스,OP,398000,322380
ST,1,백화점,당시즌의류,트레이닝(상의),TR,4939000,4030740
ST,1,백화점,당시즌의류,패딩,PD,2390000,1792500
ST,1,백화점,당시즌의류,팬츠,PT,13436000,10424310
ST,1,백화점,당시즌의류,폴로 티셔츠,PQ,2493000,2008960
ST,1,백화점,당시즌의류,후드티,HD,3398000,2806300
ST,1,백화점,차시즌의류,맨투맨,MT,695000,587970
ST,11,직영몰,Acc_etc,기타소품류,AC,175000,137900
ST,11,직영몰,Acc_etc,머플러,AM,178000,152190
ST,11,직영몰,Acc_etc,보호대,PR,345000,300900
ST,11,직영몰,Acc_etc,양말,SO,1453900,1202560
ST,11,직영몰,Acc_etc,헤드밴드,HB,297000,249480
ST,11,직영몰,Bag,라켓백,RB,1013000,854880
ST,11,직영몰,Bag,백팩,BK,1085000,914670
ST,11,직영몰,Bag,보스톤백,BW,1036000,909090
ST,11,직영몰,Bag,슬링백,SG,99000,89100
ST,11,직영몰,Bag,토드백,TG,1244000,982450
ST,11,직영몰,Headwear,비니,BN,590000,489110
ST,11,직영몰,Headwear,선캡,SC,1008000,862740
ST,11,직영몰,Headwear,운동모,CP,1573000,1308630
ST,11,직영몰,Headwear,햇,HT,178000,152190
ST,11,직영몰,Shoes,신발,SH,4438000,3558300
ST,11,직영몰,과시즌의류,다운베스트,DV,738000,516600
ST,11,직영몰,과시즌의류,다운점퍼,DJ,3093000,2165100
ST,11,직영몰,과시즌의류,맨투맨,MT,258000,155300
ST,11,직영몰,과시즌의류,반바지,SP,89000,62300
ST,11,직영몰,과시즌의류,스커트,SK,1730000,1279920
ST,11,직영몰,과시즌의류,원피스,OP,0,0
ST,11,직영몰,과시즌의류,트레이닝(상의),TR,219000,153300
ST,11,직영몰,과시즌의류,팬츠,PT,179000,125300
ST,11,직영몰,과시즌의류,후드티,HD,129000,90300
ST,11,직영몰,당시즌의류,긴팔티셔츠,RL,851000,699140
ST,11,직영몰,당시즌의류,니트가디건,KC,4725000,3307500
ST,11,직영몰,당시즌의류,니트풀오버,KP,3325000,2389590
ST,11,직영몰,당시즌의류,다운베스트,DV,518000,362600
ST,11,직영몰,당시즌의류,다운점퍼,DJ,23217000,16913880
ST,11,직영몰,당시즌의류,레깅스,LG,79000,71100
ST,11,직영몰,당시즌의류,맨투맨,MT,13172000,9528510
ST,11,직영몰,당시즌의류,반바지,SP,0,-8010
ST,11,직영몰,당시즌의류,반팔티셔츠,RS,69000,55890
ST,11,직영몰,당시즌의류,방풍자켓,WJ,5771000,3962080
ST,11,직영몰,당시즌의류,스커트,SK,8623000,6685030
ST,11,직영몰,당시즌의류,원피스,OP,199000,161190
ST,11,직영몰,당시즌의류,트레이닝(상의),TR,3031000,2574400
ST,11,직영몰,당시즌의류,패딩,PD,1254000,877800
ST,11,직영몰,당시즌의류,팬츠,PT,6194000,4777010
ST,11,직영몰,당시즌의류,폴로 티셔츠,PQ,1966000,1632400
ST,11,직영몰,당시즌의류,후드티,HD,457000,383580
ST,11,직영몰,차시즌의류,맨투맨,MT,556000,462870
ST,2,면세점,Acc_etc,보호대,PR,235000,235000
ST,2,면세점,Acc_etc,볼,RK,357000,357000
ST,2,면세점,Acc_etc,양말,SO,2454800,2454790
ST,2,면세점,Acc_etc,헤드밴드,HB,123000,123000
ST,2,면세점,Bag,라켓백,RB,467000,391400
ST,2,면세점,Bag,백팩,BK,229000,229000
ST,2,면세점,Bag,보스톤백,BW,1813000,1813000
ST,2,면세점,Bag,토드백,TG,1423000,1423000
ST,2,면세점,Headwear,선캡,SC,2033000,2033000
ST,2,면세점,Headwear,운동모,CP,334000,334000
ST,2,면세점,Headwear,햇,HT,89000,89000
ST,2,면세점,Shoes,신발,SH,6292000,5048790
ST,2,면세점,과시즌의류,긴팔티셔츠,RL,476000,476000
ST,2,면세점,과시즌의류,니트가디건,KC,777000,777000
ST,2,면세점,과시즌의류,니트반팔티셔츠,KU,3504000,3259200
ST,2,면세점,과시즌의류,니트베스트,KV,537000,537000
ST,2,면세점,과시즌의류,다운베스트,DV,1545000,1081500
ST,2,면세점,과시즌의류,다운점퍼,DJ,4260000,2841300
ST,2,면세점,과시즌의류,맨투맨,MT,566000,437900
ST,2,면세점,과시즌의류,반바지,SP,544000,544000
ST,2,면세점,과시즌의류,반팔티셔츠,RS,1968000,1968000
ST,2,면세점,과시즌의류,방풍자켓,WJ,1434000,1434000
ST,2,면세점,과시즌의류,브라,BR,316000,221190
ST,2,면세점,과시즌의류,스커트,SK,15805000,15512790
ST,2,면세점,과시즌의류,원피스,OP,1613000,1613000
ST,2,면세점,과시즌의류,점퍼,JP,4564000,4412400
ST,2,면세점,과시즌의류,트레이닝(상의),TR,3928000,3820600
ST,2,면세점,과시즌의류,팬츠,PT,636000,636000
ST,2,면세점,과시즌의류,폴로 티셔츠,PQ,9455000,9076700
ST,2,면세점,당시즌의류,긴팔티셔츠,RL,2475000,2475000
ST,2,면세점,당시즌의류,니트가디건,KC,8913000,8913000
ST,2,면세점,당시즌의류,니트풀오버,KP,6591000,6591000
ST,2,면세점,당시즌의류,다운베스트,DV,259000,259000
ST,2,면세점,당시즌의류,다운점퍼,DJ,7501000,7501000
ST,2,면세점,당시즌의류,레깅스,LG,415000,415000
ST,2,면세점,당시즌의류,맨투맨,MT,6407000,6407000
ST,2,면세점,당시즌의류,반바지,SP,89000,89000
ST,2,면세점,당시즌의류,방풍자켓,WJ,1095000,1095000
ST,2,면세점,당시즌의류,브라,BR,267000,267000
ST,2,면세점,당시즌의류,스커트,SK,12983000,12983000
ST,2,면세점,당시즌의류,원피스,OP,995000,995000
ST,2,면세점,당시즌의류,트레이닝(상의),TR,3240000,3240000
ST,2,면세점,당시즌의류,패딩,PD,179000,179000
ST,2,면세점,당시즌의류,팬츠,PT,3831000,3831000
ST,2,면세점,당시즌의류,폴로 티셔츠,PQ,5342000,5342000
ST,4,자사몰,Acc_etc,기타소품류,AC,280000,280000
ST,4,자사몰,Acc_etc,머플러,AM,623000,623000
ST,4,자사몰,Acc_etc,보호대,PR,189000,189000
ST,4,자사몰,Acc_etc,양말,SO,3903400,3903400
ST,4,자사몰,Acc_etc,헤드밴드,HB,294000,294000
ST,4,자사몰,Bag,라켓백,RB,2432000,2432000
ST,4,자사몰,Bag,백팩,BK,1831000,1831000
ST,4,자사몰,Bag,보스톤백,BW,777000,777000
ST,4,자사몰,Bag,슬링백,SG,198000,198000
ST,4,자사몰,Bag,토드백,TG,1353000,1353000
ST,4,자사몰,Headwear,비니,BN,600000,600000
ST,4,자사몰,Headwear,선캡,SC,3879000,3879000
ST,4,자사몰,Headwear,운동모,CP,4225000,4225000
ST,4,자사몰,Headwear,햇,HT,99000,99000
ST,4,자사몰,Shoes,신발,SH,8651000,8651000
ST,4,자사몰,과시즌의류,긴팔티셔츠,RL,188000,188000
ST,4,자사몰,과시즌의류,니트가디건,KC,837000,837000
ST,4,자사몰,과시즌의류,니트반팔티셔츠,KU,856000,856000
ST,4,자사몰,과시즌의류,니트베스트,KV,179000,179000
ST,4,자사몰,과시즌의류,니트풀오버,KP,-279000,-279000
ST,4,자사몰,과시즌의류,다운베스트,DV,11608000,11608000
ST,4,자사몰,과시즌의류,다운점퍼,DJ,1935000,1935000
ST,4,자사몰,과시즌의류,레깅스,LG,79000,79000
ST,4,자사몰,과시즌의류,맨투맨,MT,14545000,14545020
ST,4,자사몰,과시즌의류,반바지,SP,3195000,3195000
ST,4,자사몰,과시즌의류,반팔티셔츠,RS,7351000,7351000
ST,4,자사몰,과시즌의류,방풍자켓,WJ,1932000,1932000
ST,4,자사몰,과시즌의류,브라,BR,267000,267000
ST,4,자사몰,과시즌의류,스커트,SK,6243000,6243000
ST,4,자사몰,과시즌의류,원피스,OP,1709000,1709000
ST,4,자사몰,과시즌의류,점퍼,JP,0,0
ST,4,자사몰,과시즌의류,트레이닝 숏팬츠,TB,89000,89000
ST,4,자사몰,과시즌의류,트레이닝(상의),TR,3618000,3618000
ST,4,자사몰,과시즌의류,트레이닝(하의),TP,-457000,-457000
ST,4,자사몰,과시즌의류,팬츠,PT,20804000,20803980
ST,4,자사몰,과시즌의류,폴라폴리스점퍼,FD,1434000,1434000
ST,4,자사몰,과시즌의류,폴로 티셔츠,PQ,7273000,7273000
ST,4,자사몰,과시즌의류,후드티,HD,16676000,16675990
ST,4,자사몰,당시즌의류,긴팔티셔츠,RL,1812000,1812000
ST,4,자사몰,당시즌의류,니트가디건,KC,5802000,5802000
ST,4,자사몰,당시즌의류,니트풀오버,KP,4877000,4877000
ST,4,자사몰,당시즌의류,다운베스트,DV,2590000,2590000
ST,4,자사몰,당시즌의류,다운점퍼,DJ,45015000,45015000
ST,4,자사몰,당시즌의류,레깅스,LG,267000,267000
ST,4,자사몰,당시즌의류,맨투맨,MT,56980000,56980000
ST,4,자사몰,당시즌의류,반바지,SP,712000,712000
ST,4,자사몰,당시즌의류,반팔티셔츠,RS,414000,414000
ST,4,자사몰,당시즌의류,방풍자켓,WJ,3265000,3265000
ST,4,자사몰,당시즌의류,스커트,SK,23445000,23444970
ST,4,자사몰,당시즌의류,원피스,OP,597000,597000
ST,4,자사몰,당시즌의류,트레이닝(상의),TR,11556000,11556000
ST,4,자사몰,당시즌의류,패딩,PD,7347000,7347000
ST,4,자사몰,당시즌의류,팬츠,PT,32290000,32290000
ST,4,자사몰,당시즌의류,폴로 티셔츠,PQ,1946000,1946000
ST,4,자사몰,당시즌의류,후드티,HD,4521000,4521000
ST,4,자사몰,차시즌의류,맨투맨,MT,834000,834000
ST,5,제휴몰,Acc_etc,기타소품류,AC,70000,70000
ST,5,제휴몰,Acc_etc,보호대,PR,140000,140000
ST,5,제휴몰,Acc_etc,양말,SO,1442800,1442800
ST,5,제휴몰,Bag,라켓백,RB,2099000,1576040
ST,5,제휴몰,Bag,백팩,BK,1772000,1772000
ST,5,제휴몰,Bag,보스톤백,BW,1036000,1036000
ST,5,제휴몰,Bag,슬링백,SG,0,0
ST,5,제휴몰,Bag,크로스백,CR,109000,109000
ST,5,제휴몰,Bag,토드백,TG,2301000,1285720
ST,5,제휴몰,Headwear,비니,BN,177000,177000
ST,5,제휴몰,Headwear,선캡,SC,929000,919100
ST,5,제휴몰,Headwear,운동모,CP,1662000,1636800
ST,5,제휴몰,Headwear,햇,HT,99000,99000
ST,5,제휴몰,Shoes,신발,SH,8744000,5305980
ST,5,제휴몰,과시즌의류,긴팔티셔츠,RL,872000,583300
ST,5,제휴몰,과시즌의류,니트가디건,KC,299000,143520
ST,5,제휴몰,과시즌의류,니트풀오버,KP,538000,290520
ST,5,제휴몰,과시즌의류,다운베스트,DV,569000,398300
ST,5,제휴몰,과시즌의류,다운점퍼,DJ,11513000,7666400
ST,5,제휴몰,과시즌의류,레깅스,LG,267000,179880
ST,5,제휴몰,과시즌의류,맨투맨,MT,6217000,4303640
ST,5,제휴몰,과시즌의류,반바지,SP,2137000,1321520
ST,5,제휴몰,과시즌의류,반팔티셔츠,RS,3816000,2544980
ST,5,제휴몰,과시즌의류,방풍자켓,WJ,797000,494320
ST,5,제휴몰,과시즌의류,스커트,SK,5990000,3825660
ST,5,제휴몰,과시즌의류,슬리브리스,SL,69000,48300
ST,5,제휴몰,과시즌의류,여성하의 스코트,SR,318000,200340
ST,5,제휴몰,과시즌의류,원피스,OP,1593000,1089880
ST,5,제휴몰,과시즌의류,점퍼,JP,-469000,-25100
ST,5,제휴몰,과시즌의류,트레이닝 숏팬츠,TB,544000,317100
ST,5,제휴몰,과시즌의류,트레이닝(상의),TR,1949000,1245920
ST,5,제휴몰,과시즌의류,트레이닝(하의),TP,2839000,1730020
ST,5,제휴몰,과시즌의류,팬츠,PT,2841000,1893960
ST,5,제휴몰,과시즌의류,폴로 티셔츠,PQ,3784000,2671500
ST,5,제휴몰,과시즌의류,후드티,HD,2731000,1689620
ST,5,제휴몰,당시즌의류,긴팔티셔츠,RL,584000,584000
ST,5,제휴몰,당시즌의류,니트가디건,KC,1974000,1465500
ST,5,제휴몰,당시즌의류,니트풀오버,KP,916000,633980
ST,5,제휴몰,당시즌의류,다운베스트,DV,777000,621600
ST,5,제휴몰,당시즌의류,다운점퍼,DJ,16355000,13501100
ST,5,제휴몰,당시즌의류,레깅스,LG,336000,328100
ST,5,제휴몰,당시즌의류,맨투맨,MT,12286000,9955900
ST,5,제휴몰,당시즌의류,반팔티셔츠,RS,69000,69000
ST,5,제휴몰,당시즌의류,스커트,SK,5564000,4419200
ST,5,제휴몰,당시즌의류,트레이닝(상의),TR,1013000,1013000
ST,5,제휴몰,당시즌의류,패딩,PD,1075000,895900
ST,5,제휴몰,당시즌의류,팬츠,PT,6124000,5647600
ST,5,제휴몰,당시즌의류,폴로 티셔츠,PQ,506000,506000
ST,5,제휴몰,당시즌의류,후드티,HD,288000,288000
ST,5,제휴몰,차시즌의류,맨투맨,MT,139000,139000
ST,7,아울렛,Acc_etc,기타소품류,AC,280000,238350
ST,7,아울렛,Acc_etc,보호대,PR,75000,65250
ST,7,아울렛,Acc_etc,양말,SO,1424600,1161910
ST,7,아울렛,Acc_etc,헤드밴드,HB,25000,20000
ST,7,아울렛,Bag,라켓백,RB,417000,30000
ST,7,아울렛,Bag,백팩,BK,-159000,-173000
ST,7,아울렛,Bag,토드백,TG,975000,462160
ST,7,아울렛,Headwear,비니,BN,207000,154560
ST,7,아울렛,Headwear,선캡,SC,642000,432780
ST,7,아울렛,Headwear,운동모,CP,708000,552800
ST,7,아울렛,Shoes,신발,SH,3145000,1011690
ST,7,아울렛,과시즌의류,긴팔티셔츠,RL,1931000,783640
ST,7,아울렛,과시즌의류,니트가디건,KC,4485000,1614600
ST,7,아울렛,과시즌의류,니트풀오버,KP,2451000,932580
ST,7,아울렛,과시즌의류,다운베스트,DV,13798000,5795160
ST,7,아울렛,과시즌의류,다운점퍼,DJ,95417000,39875640
ST,7,아울렛,과시즌의류,맨투맨,MT,22733000,9483580
ST,7,아울렛,과시즌의류,반바지,SP,119000,10000
ST,7,아울렛,과시즌의류,반팔티셔츠,RS,2824000,1116380
ST,7,아울렛,과시즌의류,방풍자켓,WJ,4940000,1762760
ST,7,아울렛,과시즌의류,스커트,SK,14606000,6814120
ST,7,아울렛,과시즌의류,여성하의 스코트,SR,795000,333900
ST,7,아울렛,과시즌의류,원피스,OP,378000,85180
ST,7,아울렛,과시즌의류,점퍼,JP,5315000,2241780
ST,7,아울렛,과시즌의류,트레이닝(상의),TR,9261000,3977080
ST,7,아울렛,과시즌의류,트레이닝(하의),TP,9261000,3929940
ST,7,아울렛,과시즌의류,팬츠,PT,11269000,4753660
ST,7,아울렛,과시즌의류,폴라폴리스점퍼,FD,478000,200760
ST,7,아울렛,과시즌의류,폴로 티셔츠,PQ,10174000,4685400
ST,7,아울렛,과시즌의류,후드티,HD,6927000,2909340
ST,7,아울렛,당시즌의류,긴팔티셔츠,RL,614000,60000
ST,7,아울렛,당시즌의류,니트가디건,KC,1495000,930900
ST,7,아울렛,당시즌의류,니트풀오버,KP,3326000,1207200
ST,7,아울렛,당시즌의류,다운베스트,DV,259000,10000
ST,7,아울렛,당시즌의류,다운점퍼,DJ,3631000,1751600
ST,7,아울렛,당시즌의류,레깅스,LG,346000,40000
ST,7,아울렛,당시즌의류,맨투맨,MT,5214000,2694000
ST,7,아울렛,당시즌의류,방풍자켓,WJ,677000,30000
ST,7,아울렛,당시즌의류,브라,BR,178000,20000
ST,7,아울렛,당시즌의류,스커트,SK,2891000,787800
ST,7,아울렛,당시즌의류,원피스,OP,398000,20000
ST,7,아울렛,당시즌의류,트레이닝(상의),TR,1103000,70000
ST,7,아울렛,당시즌의류,패딩,PD,956000,573600
ST,7,아울렛,당시즌의류,팬츠,PT,1479000,379600
ST,7,아울렛,당시즌의류,폴로 티셔츠,PQ,2076000,140000
ST,99,기타,Acc_etc,머플러,AM,89000,44500
ST,99,기타,Acc_etc,보호대,PR,898000,12500
ST,99,기타,Acc_etc,양말,SO,3435300,140010
ST,99,기타,Acc_etc,헤드밴드,HB,200000,-12500
ST,99,기타,Bag,라켓백,RB,6803000,0
ST,99,기타,Bag,백팩,BK,1543000,1080100
ST,99,기타,Bag,보스톤백,BW,1295000,813180
ST,99,기타,Bag,슬링백,SG,99000,49500
ST,99,기타,Bag,크로스백,CR,109000,54500
ST,99,기타,Headwear,비니,BN,-10000,6800
ST,99,기타,Headwear,선캡,SC,187000,93500
ST,99,기타,Headwear,운동모,CP,1163000,54000
ST,99,기타,Headwear,햇,HT,1301000,0
ST,99,기타,Shoes,신발,SH,15568000,156700
ST,99,기타,과시즌의류,긴팔티셔츠,RL,417000,0
ST,99,기타,과시즌의류,니트가디건,KC,558000,129500
ST,99,기타,과시즌의류,니트반팔티셔츠,KU,1284000,0
ST,99,기타,과시즌의류,니트베스트,KV,537000,0
ST,99,기타,과시즌의류,니트풀오버,KP,269000,0
ST,99,기타,과시즌의류,다운베스트,DV,1476000,0
ST,99,기타,과시즌의류,다운점퍼,DJ,4420000,110170
ST,99,기타,과시즌의류,레깅스,LG,811000,0
ST,99,기타,과시즌의류,맨투맨,MT,536000,149000
ST,99,기타,과시즌의류,반바지,SP,445000,0
ST,99,기타,과시즌의류,반팔카라티셔츠,TS,199000,0
ST,99,기타,과시즌의류,반팔티셔츠,RS,4665000,0
ST,99,기타,과시즌의류,방풍자켓,WJ,2130000,0
ST,99,기타,과시즌의류,브라,BR,4486000,0
ST,99,기타,과시즌의류,스커트,SK,5288000,0
ST,99,기타,과시즌의류,원피스,OP,2430000,0
ST,99,기타,과시즌의류,점퍼,JP,947000,0
ST,99,기타,과시즌의류,트레이닝 숏팬츠,TB,188000,0
ST,99,기타,과시즌의류,트레이닝(상의),TR,358000,0
ST,99,기타,과시즌의류,팬츠,PT,189000,0
ST,99,기타,과시즌의류,폴로 티셔츠,PQ,11643000,0
ST,99,기타,과시즌의류,후드티,HD,1312000,0
ST,99,기타,당시즌의류,니트가디건,KC,279000,93170
ST,99,기타,당시즌의류,다운점퍼,DJ,-140000,-10200
ST,99,기타,당시즌의류,레깅스,LG,79000,39500
ST,99,기타,당시즌의류,맨투맨,MT,288000,138230
ST,99,기타,당시즌의류,스커트,SK,616000,219930
ST,99,기타,당시즌의류,트레이닝(상의),TR,149000,74500
ST,99,기타,당시즌의류,팬츠,PT,655000,327500
ST,99,기타,당시즌의류,후드티,HD,149000,42490
V,1,백화점,Acc_etc,다운 스카프,DC,290000,130510
V,1,백화점,Acc_etc,양말,SO,160000,86500
V,1,백화점,Acc_etc,장갑,AG,910000,679000
V,1,백화점,Acc_etc,토시,ML,910000,728000
V,1,백화점,Bag,백팩,BK,9760000,7826000
V,1,백화점,Bag,크로스백,CR,3950000,3235000
V,1,백화점,Bag,토드백,TG,10670000,8665000
V,1,백화점,Headwear,방한모,WM,1750000,1300000
V,1,백화점,Headwear,비니,BN,3220000,2563000
V,1,백화점,Headwear,운동모,CP,830000,600800
V,1,백화점,Headwear,햇,HT,3880000,3348000
V,1,백화점,Shoes,방한화,WB,65491000,55657460
V,1,백화점,Shoes,신발,SH,2820000,2424400
V,1,백화점,과시즌의류,니트풀오버,KP,2820000,1713000
V,1,백화점,과시즌의류,다운베스트,DV,46960000,19235810
V,1,백화점,과시즌의류,다운점퍼,DJ,418520000,153329570
V,1,백화점,과시즌의류,레깅스,LG,500000,450000
V,1,백화점,과시즌의류,맨투맨,MT,-140000,28000
V,1,백화점,과시즌의류,반팔다운,DH,54340000,22434090
V,1,백화점,과시즌의류,반팔카라티셔츠,TS,180000,162000
V,1,백화점,과시즌의류,브라,BR,110000,99000
V,1,백화점,과시즌의류,소프트쉘,SS,890000,267000
V,1,백화점,과시즌의류,트레이닝(상의),TR,1400000,1148000
V,1,백화점,과시즌의류,트레이닝(하의),TP,1630000,1511000
V,1,백화점,과시즌의류,패딩,PD,5940000,2970000
V,1,백화점,당시즌의류,니트풀오버,KP,14850000,11889000
V,1,백화점,당시즌의류,다운베스트,DV,16570000,11441000
V,1,백화점,당시즌의류,다운점퍼,DJ,1532720000,1219313000
V,1,백화점,당시즌의류,맨투맨,MT,1860000,1208000
V,1,백화점,당시즌의류,반바지,SP,2580000,2279000
V,1,백화점,당시즌의류,반팔다운,DH,16440000,13033000
V,1,백화점,당시즌의류,방수자켓,JK,690000,483000
V,1,백화점,당시즌의류,방풍자켓,WJ,690000,483000
V,1,백화점,당시즌의류,소프트쉘,SS,12950000,11002000
V,1,백화점,당시즌의류,집업티,ZT,2720000,2067000
V,1,백화점,당시즌의류,팬츠,PT,28550000,23255000
V,1,백화점,당시즌의류,후드티,HD,3710000,2803000
V,1,백화점,차시즌의류,니트풀오버,KP,520000,390000
V,1,백화점,차시즌의류,다운점퍼,DJ,5650000,4431000
V,1,백화점,차시즌의류,반팔다운,DH,99650000,82029010
V,1,백화점,차시즌의류,방풍자켓,WJ,1090000,981000
V,11,직영몰,Acc_etc,양말,SO,80000,36000
V,11,직영몰,Bag,백팩,BK,1810000,1442500
V,11,직영몰,Bag,크로스백,CR,1450000,1232500
V,11,직영몰,Bag,토드백,TG,790000,628000
V,11,직영몰,Headwear,방한모,WM,250000,175000
V,11,직영몰,Headwear,비니,BN,1590000,1139000
V,11,직영몰,Headwear,운동모,CP,130000,91000
V,11,직영몰,Headwear,햇,HT,150000,127500
V,11,직영몰,Shoes,방한화,WB,11611000,9812370
V,11,직영몰,Shoes,신발,SH,837000,711450
V,11,직영몰,과시즌의류,니트풀오버,KP,1470000,499300
V,11,직영몰,과시즌의류,다운베스트,DV,16610000,7575500
V,11,직영몰,과시즌의류,다운점퍼,DJ,135030000,54583400
V,11,직영몰,과시즌의류,레깅스,LG,150000,127500
V,11,직영몰,과시즌의류,반팔다운,DH,3160000,2294000
V,11,직영몰,과시즌의류,스커트,SK,490000,220500
V,11,직영몰,과시즌의류,트레이닝(상의),TR,560000,476000
V,11,직영몰,과시즌의류,트레이닝(하의),TP,0,0
V,11,직영몰,과시즌의류,패딩,PD,990000,445500
V,11,직영몰,과시즌의류,팬츠,PT,530000,143100
V,11,직영몰,과시즌의류,후드티,HD,0,0
V,11,직영몰,당시즌의류,니트풀오버,KP,1100000,915500
V,11,직영몰,당시즌의류,다운베스트,DV,2070000,1519200
V,11,직영몰,당시즌의류,다운점퍼,DJ,345940000,271848500
V,11,직영몰,당시즌의류,반팔티셔츠,RS,260000,221000
V,11,직영몰,당시즌의류,방풍자켓,WJ,690000,483000
V,11,직영몰,당시즌의류,소프트쉘,SS,860000,731000
V,11,직영몰,당시즌의류,팬츠,PT,1580000,1343000
V,11,직영몰,당시즌의류,후드티,HD,1650000,1402500
V,11,직영몰,차시즌의류,다운점퍼,DJ,7740000,6579000
V,11,직영몰,차시즌의류,반팔다운,DH,12780000,10863000
V,4,자사몰,Acc_etc,다운 스카프,DC,290000,142460
V,4,자사몰,Acc_etc,양말,SO,455000,254710
V,4,자사몰,Acc_etc,장갑,AG,1060000,795500
V,4,자사몰,Acc_etc,토시,ML,520000,338000
V,4,자사몰,Bag,백팩,BK,6680000,5407300
V,4,자사몰,Bag,벨트백,TA,290000,145000
V,4,자사몰,Bag,크로스백,CR,2420000,2087510
V,4,자사몰,Bag,토드백,TG,1750000,1383000
V,4,자사몰,Headwear,방한모,WM,1000000,700000
V,4,자사몰,Headwear,비니,BN,940000,448930
V,4,자사몰,Headwear,선캡,SC,150000,75000
V,4,자사몰,Headwear,운동모,CP,1044000,625960
V,4,자사몰,Headwear,햇,HT,660000,276000
V,4,자사몰,Shoes,뮬,MU,358000,319100
V,4,자사몰,Shoes,방한화,WB,50476000,43671000
V,4,자사몰,Shoes,신발,SH,1126000,1014400
V,4,자사몰,과시즌의류,니트풀오버,KP,1960000,1148800
V,4,자사몰,과시즌의류,다운베스트,DV,15250000,7010260
V,4,자사몰,과시즌의류,다운점퍼,DJ,57500000,28631000
V,4,자사몰,과시즌의류,레깅스,LG,0,0
V,4,자사몰,과시즌의류,맨투맨,MT,740000,385600
V,4,자사몰,과시즌의류,반바지,SP,280000,280000
V,4,자사몰,과시즌의류,반팔다운,DH,1970000,1332000
V,4,자사몰,과시즌의류,반팔카라티셔츠,TS,180000,162000
V,4,자사몰,과시즌의류,방풍자켓,WJ,1080000,972000
V,4,자사몰,과시즌의류,스커트,SK,1630000,822000
V,4,자사몰,과시즌의류,트레이닝(상의),TR,1130000,1044270
V,4,자사몰,과시즌의류,트레이닝(하의),TP,640000,752520
V,4,자사몰,과시즌의류,팬츠,PT,490000,220500
V,4,자사몰,과시즌의류,후드티,HD,1290000,548490
V,4,자사몰,당시즌의류,니트풀오버,KP,5850000,5157460
V,4,자사몰,당시즌의류,다운베스트,DV,2270000,1589000
V,4,자사몰,당시즌의류,다운점퍼,DJ,216250000,170107750
V,4,자사몰,당시즌의류,레깅스,LG,120000,39000
V,4,자사몰,당시즌의류,맨투맨,MT,760000,553380
V,4,자사몰,당시즌의류,반팔다운,DH,6340000,5166000
V,4,자사몰,당시즌의류,반팔티셔츠,RS,1320000,923040
V,4,자사몰,당시즌의류,방풍자켓,WJ,690000,345000
V,4,자사몰,당시즌의류,소프트쉘,SS,2560000,2289460
V,4,자사몰,당시즌의류,집업티,ZT,660000,459160
V,4,자사몰,당시즌의류,팬츠,PT,5420000,4390380
V,4,자사몰,당시즌의류,후드티,HD,890000,828960
V,4,자사몰,차시즌의류,반팔다운,DH,5450000,4267040
V,5,제휴몰,Acc_etc,다운 스카프,DC,2810000,1249000
V,5,제휴몰,Acc_etc,양말,SO,846000,516500
V,5,제휴몰,Acc_etc,장갑,AG,2610000,1606250
V,5,제휴몰,Acc_etc,장갑,GL,216000,86400
V,5,제휴몰,Acc_etc,토시,ML,650000,650000
V,5,제휴몰,Bag,백팩,BK,7730000,7485000
V,5,제휴몰,Bag,벨트백,TA,290000,145000
V,5,제휴몰,Bag,보스톤백,BW,1160000,464000
V,5,제휴몰,Bag,크로스백,CR,2700000,2643000
V,5,제휴몰,Bag,토드백,TG,3970000,3970000
V,5,제휴몰,Headwear,방한모,WM,500000,500000
V,5,제휴몰,Headwear,비니,BN,4270000,2447500
V,5,제휴몰,Headwear,선캡,SC,150000,75000
V,5,제휴몰,Headwear,운동모,CP,2566000,1499000
V,5,제휴몰,Headwear,햇,HT,2220000,1521000
V,5,제휴몰,Shoes,방한화,WB,79746000,78969700
V,5,제휴몰,Shoes,신발,SH,1973000,1973000
V,5,제휴몰,과시즌의류,니트풀오버,KP,7080000,2837450
V,5,제휴몰,과시즌의류,다운베스트,DV,23470000,7978200
V,5,제휴몰,과시즌의류,다운점퍼,DJ,306870000,122754450
V,5,제휴몰,과시즌의류,라운드티,RT,270000,108000
V,5,제휴몰,과시즌의류,레깅스,LG,150000,2000
V,5,제휴몰,과시즌의류,맨투맨,MT,5450000,1441700
V,5,제휴몰,과시즌의류,반바지,SP,260000,260000
V,5,제휴몰,과시즌의류,반팔다운,DH,20970000,7570500
V,5,제휴몰,과시즌의류,반팔카라티셔츠,TS,1290000,782000
V,5,제휴몰,과시즌의류,반팔티셔츠,RS,260000,260000
V,5,제휴몰,과시즌의류,방풍자켓,WJ,3210000,1768000
V,5,제휴몰,과시즌의류,베스트,VT,0,0
V,5,제휴몰,과시즌의류,소프트쉘,SS,1780000,356000
V,5,제휴몰,과시즌의류,스웨트팬츠,SN,-490000,-147000
V,5,제휴몰,과시즌의류,스커트,SK,6970000,2673450
V,5,제휴몰,과시즌의류,원피스,OP,790000,474000
V,5,제휴몰,과시즌의류,트레이닝 숏팬츠,TB,70000,110000
V,5,제휴몰,과시즌의류,트레이닝(상의),TR,5070000,2062250
V,5,제휴몰,과시즌의류,트레이닝(하의),TP,9520000,3845250
V,5,제휴몰,과시즌의류,패딩,PD,3560000,1772000
V,5,제휴몰,과시즌의류,팬츠,PT,970000,15150
V,5,제휴몰,과시즌의류,후드티,HD,3280000,1332000
V,5,제휴몰,당시즌의류,니트풀오버,KP,1880000,1880000
V,5,제휴몰,당시즌의류,다운베스트,DV,2760000,2760000
V,5,제휴몰,당시즌의류,다운점퍼,DJ,210740000,205806000
V,5,제휴몰,당시즌의류,맨투맨,MT,1280000,1280000
V,5,제휴몰,당시즌의류,반바지,SP,430000,430000
V,5,제휴몰,당시즌의류,반팔다운,DH,4160000,4160000
V,5,제휴몰,당시즌의류,반팔티셔츠,RS,300000,300000
V,5,제휴몰,당시즌의류,방풍자켓,WJ,0,0
V,5,제휴몰,당시즌의류,소프트쉘,SS,2590000,2590000
V,5,제휴몰,당시즌의류,집업티,ZT,0,0
V,5,제휴몰,당시즌의류,팬츠,PT,1430000,1343000
V,5,제휴몰,당시즌의류,후드티,HD,330000,330000
V,5,제휴몰,차시즌의류,니트풀오버,KP,-260000,-260000
V,5,제휴몰,차시즌의류,반팔다운,DH,3270000,3270000
V,7,아울렛,Acc_etc,장갑,AG,2030000,1008900
V,7,아울렛,Bag,기타가방,EB,640000,172800
V,7,아울렛,Bag,백팩,BK,5340000,3758300
V,7,아울렛,Bag,벨트백,TA,580000,287100
V,7,아울렛,Bag,보스톤백,BW,580000,208800
V,7,아울렛,Bag,크로스백,CR,1230000,961900
V,7,아울렛,Bag,토드백,TG,5060000,3123600
V,7,아울렛,Headwear,방한모,WM,750000,472500
V,7,아울렛,Headwear,비니,BN,3460000,1503400
V,7,아울렛,Headwear,선캡,SC,0,0
V,7,아울렛,Headwear,운동모,CP,978000,611000
V,7,아울렛,Headwear,햇,HT,1410000,764500
V,7,아울렛,Shoes,방한화,WB,26924000,21842820
V,7,아울렛,Shoes,신발,SH,6178000,5251300
V,7,아울렛,과시즌의류,니트풀오버,KP,20520000,7419600
V,7,아울렛,과시즌의류,다운베스트,DV,114800000,43221600
V,7,아울렛,과시즌의류,다운점퍼,DJ,1015830000,352262500
V,7,아울렛,과시즌의류,레깅스,LG,1370000,491400
V,7,아울렛,과시즌의류,맨투맨,MT,7760000,2155500
V,7,아울렛,과시즌의류,반팔다운,DH,27080000,10134000
V,7,아울렛,과시즌의류,방풍자켓,WJ,890000,240300
V,7,아울렛,과시즌의류,소프트쉘,SS,3560000,961200
V,7,아울렛,과시즌의류,스웨트팬츠,SN,490000,132300
V,7,아울렛,과시즌의류,스커트,SK,5010000,1723500
V,7,아울렛,과시즌의류,트레이닝(상의),TR,8580000,2688000
V,7,아울렛,과시즌의류,트레이닝(하의),TP,10210000,3150900
V,7,아울렛,과시즌의류,패딩,PD,17730000,6034500
V,7,아울렛,과시즌의류,팬츠,PT,13640000,4780800
V,7,아울렛,과시즌의류,후드티,HD,3950000,1425600
V,7,아울렛,당시즌의류,다운베스트,DV,3550000,2236500
V,7,아울렛,당시즌의류,다운점퍼,DJ,401140000,275548700
V,7,아울렛,당시즌의류,맨투맨,MT,1300000,1047800
V,7,아울렛,당시즌의류,반팔다운,DH,2180000,1853000
V,7,아울렛,당시즌의류,반팔티셔츠,RS,130000,110500
V,7,아울렛,당시즌의류,방수자켓,JK,690000,434700
V,7,아울렛,당시즌의류,방풍자켓,WJ,1980000,1247400
V,7,아울렛,당시즌의류,소프트쉘,SS,2430000,1958200
V,7,아울렛,당시즌의류,집업티,ZT,1910000,1203300
V,7,아울렛,당시즌의류,후드티,HD,890000,633300
V,99,기타,Acc_etc,양말,SO,2872000,0
V,99,기타,Acc_etc,장갑,AG,0,0
V,99,기타,Bag,백팩,BK,580000,281880
V,99,기타,Bag,벨트백,TA,580000,0
V,99,기타,Bag,토드백,TG,56790000,0
V,99,기타,Headwear,선캡,SC,150000,0
V,99,기타,Headwear,운동모,CP,25430000,0
V,99,기타,Headwear,햇,HT,570000,0
V,99,기타,Shoes,방한화,WB,1095000,658600
V,99,기타,Shoes,신발,SH,558000,274720
V,99,기타,과시즌의류,니트반팔티셔츠,KU,470000,0
V,99,기타,과시즌의류,니트스커트,KS,490000,0
V,99,기타,과시즌의류,니트풀오버,KP,3230000,0
V,99,기타,과시즌의류,다운베스트,DV,28590000,2845360
V,99,기타,과시즌의류,다운점퍼,DJ,653760000,35170050
V,99,기타,과시즌의류,라운드티,RT,23550000,0
V,99,기타,과시즌의류,레깅스,LG,35490000,0
V,99,기타,과시즌의류,맨투맨,MT,33850000,0
V,99,기타,과시즌의류,반바지,SP,5220000,0
V,99,기타,과시즌의류,반팔다운,DH,99250000,3326220
V,99,기타,과시즌의류,반팔카라티셔츠,TS,3150000,0
V,99,기타,과시즌의류,방풍자켓,WJ,30500000,0
V,99,기타,과시즌의류,소프트쉘,SS,2670000,591680
V,99,기타,과시즌의류,스커트,SK,2120000,0
V,99,기타,과시즌의류,원피스,OP,790000,0
V,99,기타,과시즌의류,집업티,ZT,29640000,0
V,99,기타,과시즌의류,트레이닝 숏팬츠,TB,1700000,0
V,99,기타,과시즌의류,트레이닝(상의),TR,1090000,0
V,99,기타,과시즌의류,트레이닝(하의),TP,390000,0
V,99,기타,과시즌의류,팬츠,PT,860000,0
V,99,기타,과시즌의류,후드티,HD,27370000,0
V,99,기타,당시즌의류,다운베스트,DV,7120000,1600640
V,99,기타,당시즌의류,다운점퍼,DJ,113020000,27909270
V,99,기타,당시즌의류,반팔다운,DH,1090000,177250
V,99,기타,차시즌의류,반팔다운,DH,2180000,1526000
W,11,직영몰,Acc_etc,양말,SO,103000,100000
W,11,직영몰,Bag,가방,BG,109000,95200
W,11,직영몰,Bag,백팩,BK,387000,270900
W,11,직영몰,Bag,크로스백,CR,99000,69300
W,11,직영몰,Bag,힙색,HS,69000,69000
W,11,직영몰,Headwear,비니,BN,165000,145000
W,11,직영몰,Headwear,운동모,CP,874000,829320
W,11,직영몰,Shoes,방한화,WB,258000,129000
W,11,직영몰,Shoes,신발,SH,3291000,2198300
W,11,직영몰,과시즌의류,다운베스트,DV,239000,119500
W,11,직영몰,과시즌의류,다운점퍼,DJ,3799000,1899500
W,11,직영몰,과시즌의류,반팔티셔츠,RS,39000,35100
W,11,직영몰,과시즌의류,점퍼,JP,1117000,558500
W,11,직영몰,당시즌의류,긴팔티셔츠,RL,247000,186700
W,11,직영몰,당시즌의류,다운베스트,DV,438000,306600
W,11,직영몰,당시즌의류,다운점퍼,DJ,6631000,4582000
W,11,직영몰,당시즌의류,맨투맨,MT,1089000,836500
W,11,직영몰,당시즌의류,반팔티셔츠,RS,49000,42800
W,11,직영몰,당시즌의류,방풍자켓,WJ,508000,457200
W,11,직영몰,당시즌의류,소프트쉘,SS,239000,215100
W,11,직영몰,당시즌의류,우븐팬츠,WP,745000,521500
W,11,직영몰,당시즌의류,팬츠,PT,1488000,1041600
W,11,직영몰,당시즌의류,후드티,HD,992000,781700
W,11,직영몰,차시즌의류,진바지,DP,139000,123380
W,2,면세점,Acc_etc,양말,SO,824000,824000
W,2,면세점,Bag,가방,BG,247000,227000
W,2,면세점,Bag,백팩,BK,288000,201600
W,2,면세점,Bag,크로스백,CR,554000,387800
W,2,면세점,Headwear,방한모,WM,198000,198000
W,2,면세점,Headwear,비니,BN,106000,106000
W,2,면세점,Headwear,운동모,CP,281000,281000
W,2,면세점,Shoes,슬리퍼,LP,79000,79000
W,2,면세점,Shoes,신발,SH,7382000,5342000
W,2,면세점,과시즌의류,맨투맨,MT,2417000,1718590
W,2,면세점,과시즌의류,반팔티셔츠,RS,9569000,8248980
W,2,면세점,과시즌의류,후드티,HD,328000,189300
W,2,면세점,당시즌의류,긴팔티셔츠,RL,2626000,2052100
W,2,면세점,당시즌의류,다운점퍼,DJ,23001000,16100680
W,2,면세점,당시즌의류,맨투맨,MT,2356000,1764900
W,2,면세점,당시즌의류,반팔티셔츠,RS,11618000,11618080
W,2,면세점,당시즌의류,소프트쉘,SS,1184000,847710
W,2,면세점,당시즌의류,우븐팬츠,WP,288000,230400
W,2,면세점,당시즌의류,패딩,PD,518000,362600
W,2,면세점,당시즌의류,팬츠,PT,1962000,1373400
W,2,면세점,당시즌의류,후드티,HD,1250000,974200
W,2,면세점,차시즌의류,긴팔티셔츠,RL,158000,158000
W,2,면세점,차시즌의류,반팔티셔츠,RS,1780000,1780020
W,2,면세점,차시즌의류,팬츠,PT,109000,109000
W,3,직영점(가두),Acc_etc,양말,SO,1361000,825190
W,3,직영점(가두),Bag,가방,BG,1041000,936900
W,3,직영점(가두),Bag,백팩,BK,1300000,852570
W,3,직영점(가두),Bag,크로스백,CR,612000,515200
W,3,직영점(가두),Bag,힙색,HS,306000,212200
W,3,직영점(가두),Headwear,방한모,WM,396000,366300
W,3,직영점(가두),Headwear,비니,BN,2874000,1960700
W,3,직영점(가두),Headwear,운동모,CP,4135000,3652400
W,3,직영점(가두),Headwear,햇,HT,69000,62100
W,3,직영점(가두),Shoes,방한화,WB,129000,64500
W,3,직영점(가두),Shoes,신발,SH,17003000,10904700
W,3,직영점(가두),과시즌의류,다운베스트,DV,1812000,860200
W,3,직영점(가두),과시즌의류,다운점퍼,DJ,12077000,5836400
W,3,직영점(가두),과시즌의류,맨투맨,MT,1782000,712800
W,3,직영점(가두),과시즌의류,반팔티셔츠,RS,3898000,3434100
W,3,직영점(가두),과시즌의류,점퍼,JP,777000,310800
W,3,직영점(가두),과시즌의류,폴라폴리스점퍼,FD,2331000,932400
W,3,직영점(가두),과시즌의류,폴로 티셔츠,PQ,297000,186300
W,3,직영점(가두),과시즌의류,후드티,HD,992000,396800
W,3,직영점(가두),당시즌의류,긴팔티셔츠,RL,4791000,3288300
W,3,직영점(가두),당시즌의류,다운베스트,DV,5256000,3372600
W,3,직영점(가두),당시즌의류,다운점퍼,DJ,32901000,22679900
W,3,직영점(가두),당시즌의류,맨투맨,MT,9553000,7007000
W,3,직영점(가두),당시즌의류,반팔티셔츠,RS,4959000,4474900
W,3,직영점(가두),당시즌의류,방풍자켓,WJ,3276000,2968300
W,3,직영점(가두),당시즌의류,소프트쉘,SS,5959000,4483700
W,3,직영점(가두),당시즌의류,우븐팬츠,WP,5085000,3711400
W,3,직영점(가두),당시즌의류,패딩,PD,1036000,725200
W,3,직영점(가두),당시즌의류,팬츠,PT,6001000,3684690
W,3,직영점(가두),당시즌의류,후드티,HD,6993000,5331500
W,3,직영점(가두),차시즌의류,긴팔티셔츠,RL,957000,660200
W,3,직영점(가두),차시즌의류,맨투맨,MT,1355000,943600
W,3,직영점(가두),차시즌의류,반팔티셔츠,RS,1740000,1565170
W,3,직영점(가두),차시즌의류,방풍자켓,WJ,289000,260100
W,3,직영점(가두),차시즌의류,우븐팬츠,WP,2950000,1880200
W,3,직영점(가두),차시즌의류,진바지,DP,3475000,1985730
W,3,직영점(가두),차시즌의류,패딩,PD,438000,394200
W,3,직영점(가두),차시즌의류,팬츠,PT,109000,98100
W,3,직영점(가두),차시즌의류,후드티,HD,248000,223200
W,4,자사몰,Acc_etc,양말,SO,88000,88000
W,4,자사몰,Bag,가방,BG,467000,280200
W,4,자사몰,Bag,백팩,BK,676000,440500
W,4,자사몰,Headwear,비니,BN,53000,53000
W,4,자사몰,Headwear,운동모,CP,406000,406000
W,4,자사몰,Headwear,햇,HT,0,0
W,4,자사몰,Shoes,슬리퍼,LP,109000,99000
W,4,자사몰,Shoes,신발,SH,8643000,6473000
W,4,자사몰,과시즌의류,다운베스트,DV,677000,677000
W,4,자사몰,과시즌의류,다운점퍼,DJ,19290000,19290000
W,4,자사몰,과시즌의류,반팔티셔츠,RS,117000,117000
W,4,자사몰,과시즌의류,팬츠,PT,218000,218000
W,4,자사몰,당시즌의류,긴팔티셔츠,RL,672000,543345
W,4,자사몰,당시즌의류,다운베스트,DV,1314000,919800
W,4,자사몰,당시즌의류,다운점퍼,DJ,18881000,12848900
W,4,자사몰,당시즌의류,맨투맨,MT,2297000,1756400
W,4,자사몰,당시즌의류,반팔티셔츠,RS,324000,361215
W,4,자사몰,당시즌의류,방풍자켓,WJ,658000,658000
W,4,자사몰,당시즌의류,소프트쉘,SS,70000,-49400
W,4,자사몰,당시즌의류,우븐팬츠,WP,695000,528200
W,4,자사몰,당시즌의류,팬츠,PT,843000,590100
W,4,자사몰,당시즌의류,후드티,HD,3172000,2492834
W,4,자사몰,차시즌의류,긴팔티셔츠,RL,79000,79000
W,4,자사몰,차시즌의류,맨투맨,MT,109000,109000
W,4,자사몰,차시즌의류,반팔티셔츠,RS,59000,59000
W,5,제휴몰,Acc_etc,양말,SO,110000,110000
W,5,제휴몰,Bag,가방,BG,357000,313400
W,5,제휴몰,Bag,백팩,BK,0,-47700
W,5,제휴몰,Bag,보스톤백,BW,318000,318000
W,5,제휴몰,Bag,크로스백,CR,49000,49000
W,5,제휴몰,Headwear,비니,BN,159000,159000
W,5,제휴몰,Headwear,운동모,CP,1124000,1124000
W,5,제휴몰,Headwear,햇,HT,125000,125000
W,5,제휴몰,Shoes,신발,SH,8898000,7438000
W,5,제휴몰,과시즌의류,다운베스트,DV,3465000,1732500
W,5,제휴몰,과시즌의류,다운점퍼,DJ,35848000,18397500
W,5,제휴몰,과시즌의류,맨투맨,MT,129000,99000
W,5,제휴몰,과시즌의류,방풍자켓,WJ,269000,269000
W,5,제휴몰,과시즌의류,팬츠,PT,109000,109000
W,5,제휴몰,당시즌의류,긴팔티셔츠,RL,712000,572500
W,5,제휴몰,당시즌의류,다운베스트,DV,1971000,1379700
W,5,제휴몰,당시즌의류,다운점퍼,DJ,28328000,19743900
W,5,제휴몰,당시즌의류,맨투맨,MT,682000,545600
W,5,제휴몰,당시즌의류,반팔티셔츠,RS,0,0
W,5,제휴몰,당시즌의류,방풍자켓,WJ,767000,767000
W,5,제휴몰,당시즌의류,소프트쉘,SS,1145000,1107200
W,5,제휴몰,당시즌의류,패딩,PD,259000,181300
W,5,제휴몰,당시즌의류,팬츠,PT,109000,76300
W,5,제휴몰,당시즌의류,후드티,HD,2399000,1970800
W,5,제휴몰,차시즌의류,맨투맨,MT,89000,89000
W,99,기타,Acc_etc,양말,SO,1216600,0
W,99,기타,Bag,가방,BG,892000,0
W,99,기타,Bag,크로스백,CR,69000,0
W,99,기타,Headwear,비니,BN,3062000,37100
W,99,기타,Headwear,운동모,CP,8111000,0
W,99,기타,Headwear,햇,HT,986000,0
W,99,기타,Shoes,방한화,WB,258000,0
W,99,기타,Shoes,슬리퍼,LP,6016000,0
W,99,기타,Shoes,신발,SH,63906000,90200
W,99,기타,과시즌의류,긴팔티셔츠,RL,356000,55300
W,99,기타,과시즌의류,다운베스트,DV,2051000,0
W,99,기타,과시즌의류,다운점퍼,DJ,29194000,0
W,99,기타,과시즌의류,레깅스,LG,59000,0
W,99,기타,과시즌의류,맨투맨,MT,20484000,0
W,99,기타,과시즌의류,반바지,SP,6339000,0
W,99,기타,과시즌의류,반팔티셔츠,RS,29598000,155750
W,99,기타,과시즌의류,방풍자켓,WJ,1821000,0
W,99,기타,과시즌의류,베스트,VT,2392000,0
W,99,기타,과시즌의류,우븐반바지,SM,4415000,0
W,99,기타,과시즌의류,점퍼,JP,48365000,0
W,99,기타,과시즌의류,탱크탑,TK,138000,0
W,99,기타,과시즌의류,트레이닝(상의),TR,537000,0
W,99,기타,과시즌의류,트레이닝(하의),TP,159000,0
W,99,기타,과시즌의류,팬츠,PT,11670000,0
W,99,기타,과시즌의류,폴라폴리스점퍼,FD,1295000,0
W,99,기타,과시즌의류,폴로 티셔츠,PQ,99000,69300
W,99,기타,과시즌의류,후드티,HD,16772000,0
W,99,기타,당시즌의류,반팔티셔츠,RS,49000,34300
X,1,백화점,Acc_etc,기타소품류,AC,22528000,21496110
X,1,백화점,Acc_etc,다운 스카프,DC,235096000,175199110
X,1,백화점,Acc_etc,마스크,MK,495000,450500
X,1,백화점,Acc_etc,멀티스카프,MS,7725000,6227390
X,1,백화점,Acc_etc,양말,SO,6981000,5590140
X,1,백화점,Acc_etc,장갑,GL,53968000,35937360
X,1,백화점,Acc_etc,토시,ML,10000,6000
X,1,백화점,Bag,가방,BG,4406000,3584200
X,1,백화점,Bag,메신저백,MR,45692000,36308160
X,1,백화점,Bag,백팩,BK,426925000,364451500
X,1,백화점,Bag,보스톤백,BW,1250000,672610
X,1,백화점,Bag,슬링백,SG,35829000,30882270
X,1,백화점,Bag,크로스백,CR,42838000,37969620
X,1,백화점,Bag,토드백,TG,24102000,20745260
X,1,백화점,Bag,힙색,HS,3366000,3048120
X,1,백화점,Headwear,비니,BN,50832000,41376610
X,1,백화점,Headwear,운동모,CP,50528000,41331980
X,1,백화점,Headwear,햇,HT,13359000,11473090
X,1,백화점,Shoes,슬리퍼,LP,14528000,14030790
X,1,백화점,Shoes,신발,SH,1396950000,1162440100
X,1,백화점,과시즌의류,긴팔카라티셔츠,TL,6258000,3516700
X,1,백화점,과시즌의류,긴팔티셔츠,RL,24330000,13532900
X,1,백화점,과시즌의류,니트,KT,7363000,3104430
X,1,백화점,과시즌의류,다운베스트,DV,168294000,91981630
X,1,백화점,과시즌의류,다운점퍼,DJ,6321927000,3140391780
X,1,백화점,과시즌의류,레깅스,LG,2748000,1160420
X,1,백화점,과시즌의류,맨투맨,MT,109953000,64417700
X,1,백화점,과시즌의류,반팔티셔츠,RS,665000,426800
X,1,백화점,과시즌의류,방풍자켓,WJ,38245000,18072730
X,1,백화점,과시즌의류,상하의 세트,AZ,6966000,3650730
X,1,백화점,과시즌의류,소프트쉘,SS,148286000,75298620
X,1,백화점,과시즌의류,스윔웨어,SW,-89000,-89000
X,1,백화점,과시즌의류,스윔웨어 하의,SB,0,0
X,1,백화점,과시즌의류,트레이닝 숏팬츠,TB,79000,79000
X,1,백화점,과시즌의류,트레이닝(상의),TR,416174000,190422420
X,1,백화점,과시즌의류,트레이닝(하의),TP,402059000,187318310
X,1,백화점,과시즌의류,패딩,PD,388000,292500
X,1,백화점,과시즌의류,팬츠,PT,79526000,38270520
X,1,백화점,과시즌의류,후드티,HD,75998000,38372470
X,1,백화점,당시즌의류,긴팔카라티셔츠,TL,10320000,8848570
X,1,백화점,당시즌의류,긴팔티셔츠,RL,6509000,6357950
X,1,백화점,당시즌의류,다운베스트,DV,352681000,264517200
X,1,백화점,당시즌의류,다운점퍼,DJ,11497825000,10492933960
X,1,백화점,당시즌의류,레깅스,LG,948000,844410
X,1,백화점,당시즌의류,맨투맨,MT,216853000,205260290
X,1,백화점,당시즌의류,반바지,SP,327000,327000
X,1,백화점,당시즌의류,방풍자켓,WJ,37286000,28349490
X,1,백화점,당시즌의류,상하의 세트,AZ,5031000,4771570
X,1,백화점,당시즌의류,소프트쉘,SS,116862000,107966270
X,1,백화점,당시즌의류,스커트,SK,4448000,4271210
X,1,백화점,당시즌의류,원피스,OP,417000,388200
X,1,백화점,당시즌의류,집업티,ZT,177000,177000
X,1,백화점,당시즌의류,트레이닝(상의),TR,154534000,140580390
X,1,백화점,당시즌의류,트레이닝(하의),TP,217905000,198270340
X,1,백화점,당시즌의류,팬츠,PT,109579000,104944040
X,1,백화점,당시즌의류,후드티,HD,74801000,69106730
X,11,직영몰,Acc_etc,기타소품류,AC,1287000,1253600
X,11,직영몰,Acc_etc,다운 스카프,DC,8260000,7945410
X,11,직영몰,Acc_etc,멀티스카프,MS,439000,431200
X,11,직영몰,Acc_etc,양말,SO,561000,542100
X,11,직영몰,Acc_etc,장갑,GL,1523000,1447800
X,11,직영몰,Bag,가방,BG,99000,89100
X,11,직영몰,Bag,메신저백,MR,3590000,3418300
X,11,직영몰,Bag,백팩,BK,31297000,29677650
X,11,직영몰,Bag,보스톤백,BW,178000,169100
X,11,직영몰,Bag,슬링백,SG,3639000,3538000
X,11,직영몰,Bag,크로스백,CR,4131000,3997200
X,11,직영몰,Bag,토드백,TG,1570000,1535500
X,11,직영몰,Bag,힙색,HS,247000,239100
X,11,직영몰,Headwear,비니,BN,4396000,4290190
X,11,직영몰,Headwear,운동모,CP,4828000,4693330
X,11,직영몰,Headwear,햇,HT,1898000,1799300
X,11,직영몰,Shoes,슬리퍼,LP,1001000,968100
X,11,직영몰,Shoes,신발,SH,134286000,129270860
X,11,직영몰,과시즌의류,다운베스트,DV,876000,416100
X,11,직영몰,과시즌의류,다운점퍼,DJ,49851000,31197700
X,11,직영몰,과시즌의류,맨투맨,MT,2595000,1712500
X,11,직영몰,과시즌의류,반팔티셔츠,RS,2182000,1607700
X,11,직영몰,과시즌의류,소프트쉘,SS,1293000,781800
X,11,직영몰,과시즌의류,트레이닝 숏팬츠,TB,-79000,-79000
X,11,직영몰,과시즌의류,트레이닝(상의),TR,2406000,678400
X,11,직영몰,과시즌의류,트레이닝(하의),TP,5199000,2127200
X,11,직영몰,과시즌의류,팬츠,PT,477000,286200
X,11,직영몰,과시즌의류,후드티,HD,1993000,1131300
X,11,직영몰,당시즌의류,긴팔카라티셔츠,TL,516000,516000
X,11,직영몰,당시즌의류,긴팔티셔츠,RL,590000,577200
X,11,직영몰,당시즌의류,다운베스트,DV,28900000,23286600
X,11,직영몰,당시즌의류,다운점퍼,DJ,1321952000,1251151190
X,11,직영몰,당시즌의류,레깅스,LG,69000,48300
X,11,직영몰,당시즌의류,맨투맨,MT,28603000,27666800
X,11,직영몰,당시즌의류,반바지,SP,109000,109000
X,11,직영몰,당시즌의류,방풍자켓,WJ,3166000,2624200
X,11,직영몰,당시즌의류,상하의 세트,AZ,516000,503100
X,11,직영몰,당시즌의류,소프트쉘,SS,14532000,13921000
X,11,직영몰,당시즌의류,스커트,SK,417000,417000
X,11,직영몰,당시즌의류,집업티,ZT,177000,177000
X,11,직영몰,당시즌의류,트레이닝(상의),TR,18592000,17874470
X,11,직영몰,당시즌의류,트레이닝(하의),TP,24500000,23520490
X,11,직영몰,당시즌의류,팬츠,PT,17564000,17150600
X,11,직영몰,당시즌의류,후드티,HD,8452000,8052900
X,12,아울렛,Acc_etc,멀티스카프,MS,685000,298500
X,12,아울렛,Acc_etc,양말,SO,827000,275600
X,12,아울렛,Acc_etc,장갑,GL,4276000,1862900
X,12,아울렛,Acc_etc,짐백,GY,169000,50700
X,12,아울렛,Bag,가방,BG,129000,90300
X,12,아울렛,Bag,메신저백,MR,1178000,612800
X,12,아울렛,Bag,백팩,BK,3846000,1772900
X,12,아울렛,Bag,보스톤백,BW,149000,74500
X,12,아울렛,Bag,슬링백,SG,178000,89000
X,12,아울렛,Bag,크로스백,CR,2779000,1470700
X,12,아울렛,Bag,토드백,TG,1358000,633800
X,12,아울렛,Bag,힙색,HS,168000,87000
X,12,아울렛,Headwear,비니,BN,5526000,2289300
X,12,아울렛,Headwear,운동모,CP,3972000,1639200
X,12,아울렛,Headwear,햇,HT,1215000,505800
X,12,아울렛,Shoes,신발,SH,9770000,5005000
X,12,아울렛,과시즌의류,긴팔카라티셔츠,TL,129000,77400
X,12,아울렛,과시즌의류,긴팔티셔츠,RL,4838000,1955000
X,12,아울렛,과시즌의류,다운베스트,DV,26929000,10214900
X,12,아울렛,과시즌의류,다운점퍼,DJ,556315000,194606320
X,12,아울렛,과시즌의류,레깅스,LG,8636000,1837600
X,12,아울렛,과시즌의류,맨투맨,MT,16418000,6802600
X,12,아울렛,과시즌의류,반팔티셔츠,RS,2025000,1417500
X,12,아울렛,과시즌의류,방풍자켓,WJ,20408000,7119100
X,12,아울렛,과시즌의류,브라,BR,98000,68600
X,12,아울렛,과시즌의류,소프트쉘,SS,121878000,32569500
X,12,아울렛,과시즌의류,집업티,ZT,1190000,380800
X,12,아울렛,과시즌의류,트레이닝(상의),TR,49497000,13971300
X,12,아울렛,과시즌의류,트레이닝(하의),TP,39360000,13251600
X,12,아울렛,과시즌의류,패딩,PD,2549000,1784300
X,12,아울렛,과시즌의류,팬츠,PT,14830000,5198300
X,12,아울렛,과시즌의류,후드티,HD,4636000,2040300
X,2,면세점,Acc_etc,기타소품류,AC,195000,195000
X,2,면세점,Acc_etc,다운 스카프,DC,98000,98000
X,2,면세점,Acc_etc,마스크,MK,135000,135000
X,2,면세점,Acc_etc,멀티스카프,MS,39000,39000
X,2,면세점,Acc_etc,장갑,GL,147000,147000
X,2,면세점,Bag,메신저백,MR,129000,129000
X,2,면세점,Bag,백팩,BK,240006000,188127750
X,2,면세점,Bag,보스톤백,BW,594000,415800
X,2,면세점,Bag,슬링백,SG,2008000,1913200
X,2,면세점,Bag,크로스백,CR,821000,821000
X,2,면세점,Bag,토드백,TG,3077000,1514700
X,2,면세점,Headwear,비니,BN,1430000,1430000
X,2,면세점,Headwear,운동모,CP,4517000,4236800
X,2,면세점,Headwear,햇,HT,2096000,1883800
X,2,면세점,Shoes,슬리퍼,LP,5815000,5751830
X,2,면세점,Shoes,신발,SH,321391000,245250770
X,2,면세점,과시즌의류,레깅스,LG,178000,71200
X,2,면세점,과시즌의류,방풍자켓,WJ,758000,530600
X,2,면세점,당시즌의류,긴팔티셔츠,RL,4245000,4244990
X,2,면세점,당시즌의류,다운베스트,DV,53105000,41173380
X,2,면세점,당시즌의류,다운점퍼,DJ,2842248000,2789439390
X,2,면세점,당시즌의류,레깅스,LG,345000,241500
X,2,면세점,당시즌의류,맨투맨,MT,21076000,20957190
X,2,면세점,당시즌의류,방풍자켓,WJ,31702000,23637080
X,2,면세점,당시즌의류,소프트쉘,SS,10221000,8943890
X,2,면세점,당시즌의류,스커트,SK,109000,109000
X,2,면세점,당시즌의류,원피스,OP,477000,477000
X,2,면세점,당시즌의류,집업티,ZT,118000,118000
X,2,면세점,당시즌의류,트레이닝(상의),TR,8513000,8137990
X,2,면세점,당시즌의류,트레이닝(하의),TP,13346000,13268590
X,2,면세점,당시즌의류,팬츠,PT,496000,463300
X,2,면세점,당시즌의류,후드티,HD,4090000,4090000
X,3,직영점(가두),Acc_etc,기타소품류,AC,624000,600100
X,3,직영점(가두),Acc_etc,다운 스카프,DC,1565000,1516700
X,3,직영점(가두),Acc_etc,마스크,MK,180000,180000
X,3,직영점(가두),Acc_etc,멀티스카프,MS,39000,39000
X,3,직영점(가두),Acc_etc,양말,SO,492000,480800
X,3,직영점(가두),Acc_etc,장갑,GL,463000,463000
X,3,직영점(가두),Bag,메신저백,MR,119000,119000
X,3,직영점(가두),Bag,백팩,BK,4482000,4410400
X,3,직영점(가두),Bag,슬링백,SG,386000,386000
X,3,직영점(가두),Bag,크로스백,CR,1462000,1462000
X,3,직영점(가두),Bag,토드백,TG,672000,672000
X,3,직영점(가두),Headwear,비니,BN,642000,642000
X,3,직영점(가두),Headwear,운동모,CP,1792000,1780300
X,3,직영점(가두),Headwear,햇,HT,69000,69000
X,3,직영점(가두),Shoes,슬리퍼,LP,39000,39000
X,3,직영점(가두),Shoes,신발,SH,15310000,14938700
X,3,직영점(가두),과시즌의류,니트,KT,199000,79600
X,3,직영점(가두),과시즌의류,다운점퍼,DJ,1280000,790000
X,3,직영점(가두),당시즌의류,긴팔티셔츠,RL,817000,737200
X,3,직영점(가두),당시즌의류,다운베스트,DV,4662000,3689200
X,3,직영점(가두),당시즌의류,다운점퍼,DJ,215766000,195701090
X,3,직영점(가두),당시즌의류,레깅스,LG,79000,69000
X,3,직영점(가두),당시즌의류,맨투맨,MT,3432000,3313200
X,3,직영점(가두),당시즌의류,방풍자켓,WJ,1793000,1541900
X,3,직영점(가두),당시즌의류,소프트쉘,SS,3867000,3793400
X,3,직영점(가두),당시즌의류,스커트,SK,139000,139000
X,3,직영점(가두),당시즌의류,원피스,OP,159000,159000
X,3,직영점(가두),당시즌의류,트레이닝(상의),TR,3804000,3745400
X,3,직영점(가두),당시즌의류,트레이닝(하의),TP,3807000,3610380
X,3,직영점(가두),당시즌의류,팬츠,PT,5552000,5460700
X,3,직영점(가두),당시즌의류,후드티,HD,1218000,1192980
X,4,자사몰,Acc_etc,기타소품류,AC,7800000,6643580
X,4,자사몰,Acc_etc,다운 스카프,DC,18511000,15982260
X,4,자사몰,Acc_etc,마스크,MK,1755000,1475930
X,4,자사몰,Acc_etc,멀티스카프,MS,2623000,2261180
X,4,자사몰,Acc_etc,양말,SO,2423000,1738450
X,4,자사몰,Acc_etc,장갑,GL,9498000,8221600
X,4,자사몰,Acc_etc,토시,ML,575000,244960
X,4,자사몰,Bag,가방,BG,159000,139110
X,4,자사몰,Bag,메신저백,MR,3727000,2971470
X,4,자사몰,Bag,백팩,BK,64246000,52889140
X,4,자사몰,Bag,보스톤백,BW,744000,472550
X,4,자사몰,Bag,슬링백,SG,8495000,7189790
X,4,자사몰,Bag,크로스백,CR,10499000,8893230
X,4,자사몰,Bag,토드백,TG,6300000,4464260
X,4,자사몰,Bag,힙색,HS,395000,367100
X,4,자사몰,Headwear,비니,BN,12485000,10827530
X,4,자사몰,Headwear,운동모,CP,9593000,7579530
X,4,자사몰,Headwear,햇,HT,3577000,1997890
X,4,자사몰,Shoes,슬리퍼,LP,8575000,6891390
X,4,자사몰,Shoes,신발,SH,449707000,387617020
X,4,자사몰,과시즌의류,긴팔티셔츠,RL,0,-12720
X,4,자사몰,과시즌의류,다운점퍼,DJ,2331000,1126150
X,4,자사몰,과시즌의류,맨투맨,MT,195000,131020
X,4,자사몰,과시즌의류,반팔카라티셔츠,TS,3905000,2625660
X,4,자사몰,과시즌의류,반팔티셔츠,RS,21168000,14796000
X,4,자사몰,과시즌의류,방풍자켓,WJ,1590000,561070
X,4,자사몰,과시즌의류,소프트쉘,SS,4728000,1886730
X,4,자사몰,과시즌의류,스윔웨어,SW,26122000,17440170
X,4,자사몰,과시즌의류,스윔웨어 하의,SB,18705000,12877470
X,4,자사몰,과시즌의류,트레이닝(상의),TR,316000,142700
X,4,자사몰,과시즌의류,트레이닝(하의),TP,237000,117200
X,4,자사몰,과시즌의류,팬츠,PT,1853000,600490
X,4,자사몰,당시즌의류,긴팔카라티셔츠,TL,3170000,2817960
X,4,자사몰,당시즌의류,긴팔티셔츠,RL,6038000,5444570
X,4,자사몰,당시즌의류,다운베스트,DV,74179000,52424840
X,4,자사몰,당시즌의류,다운점퍼,DJ,1997807000,1792084420
X,4,자사몰,당시즌의류,레깅스,LG,2222000,1660950
X,4,자사몰,당시즌의류,맨투맨,MT,102636000,92414610
X,4,자사몰,당시즌의류,반바지,SP,654000,530190
X,4,자사몰,당시즌의류,방풍자켓,WJ,9577000,7395400
X,4,자사몰,당시즌의류,상하의 세트,AZ,516000,503430
X,4,자사몰,당시즌의류,소프트쉘,SS,31183000,28043750
X,4,자사몰,당시즌의류,스커트,SK,1360000,1170720
X,4,자사몰,당시즌의류,원피스,OP,606000,472510
X,4,자사몰,당시즌의류,집업티,ZT,295000,257740
X,4,자사몰,당시즌의류,트레이닝(상의),TR,47957000,43011210
X,4,자사몰,당시즌의류,트레이닝(하의),TP,82240000,73302050
X,4,자사몰,당시즌의류,팬츠,PT,63690000,57807060
X,4,자사몰,당시즌의류,후드티,HD,31556000,28166110
X,5,제휴몰,Acc_etc,기타소품류,AC,42271000,42271220
X,5,제휴몰,Acc_etc,다운 스카프,DC,340710000,314961370
X,5,제휴몰,Acc_etc,마스크,MK,1074000,1074000
X,5,제휴몰,Acc_etc,멀티스카프,MS,3343000,3230200
X,5,제휴몰,Acc_etc,양말,SO,1305000,827500
X,5,제휴몰,Acc_etc,장갑,GL,15242000,11769600
X,5,제휴몰,Acc_etc,토시,ML,250000,195000
X,5,제휴몰,Bag,가방,BG,566000,491600
X,5,제휴몰,Bag,메신저백,MR,13448000,9736320
X,5,제휴몰,Bag,백팩,BK,125055000,96182290
X,5,제휴몰,Bag,보스톤백,BW,1239000,763000
X,5,제휴몰,Bag,슬링백,SG,17346000,14619700
X,5,제휴몰,Bag,크로스백,CR,16556000,14552700
X,5,제휴몰,Bag,토드백,TG,13925000,9140200
X,5,제휴몰,Bag,힙색,HS,1599000,1250400
X,5,제휴몰,Headwear,비니,BN,11064000,10247500
X,5,제휴몰,Headwear,운동모,CP,15140000,11877800
X,5,제휴몰,Headwear,햇,HT,5960000,4212800
X,5,제휴몰,Shoes,슬리퍼,LP,13971000,13268400
X,5,제휴몰,Shoes,신발,SH,973591000,887843250
X,5,제휴몰,과시즌의류,긴팔티셔츠,RL,441000,308700
X,5,제휴몰,과시즌의류,다운베스트,DV,398000,278600
X,5,제휴몰,과시즌의류,다운점퍼,DJ,1651149000,932547840
X,5,제휴몰,과시즌의류,맨투맨,MT,24828000,14591490
X,5,제휴몰,과시즌의류,반팔카라티셔츠,TS,2659000,1891000
X,5,제휴몰,과시즌의류,반팔티셔츠,RS,19402000,14864660
X,5,제휴몰,과시즌의류,방풍자켓,WJ,38550000,18172000
X,5,제휴몰,과시즌의류,소프트쉘,SS,98271000,47463190
X,5,제휴몰,과시즌의류,스윔웨어,SW,88754000,57721700
X,5,제휴몰,과시즌의류,스윔웨어 하의,SB,45836000,30189100
X,5,제휴몰,과시즌의류,슬리브리스,SL,49000,29400
X,5,제휴몰,과시즌의류,트레이닝 숏팬츠,TB,0,-20700
X,5,제휴몰,과시즌의류,트레이닝(상의),TR,15837000,7391700
X,5,제휴몰,과시즌의류,트레이닝(하의),TP,48139000,25145600
X,5,제휴몰,과시즌의류,팬츠,PT,8077000,3241700
X,5,제휴몰,과시즌의류,후드티,HD,17412000,9361800
X,5,제휴몰,당시즌의류,긴팔카라티셔츠,TL,396000,396000
X,5,제휴몰,당시즌의류,긴팔티셔츠,RL,6748000,6748000
X,5,제휴몰,당시즌의류,다운베스트,DV,109776000,82693500
X,5,제휴몰,당시즌의류,다운점퍼,DJ,3824096000,3650870700
X,5,제휴몰,당시즌의류,레깅스,LG,1630000,1588600
X,5,제휴몰,당시즌의류,맨투맨,MT,65364000,63611700
X,5,제휴몰,당시즌의류,반바지,SP,1090000,1090000
X,5,제휴몰,당시즌의류,방풍자켓,WJ,10715000,8342590
X,5,제휴몰,당시즌의류,상하의 세트,AZ,645000,645000
X,5,제휴몰,당시즌의류,소프트쉘,SS,31726000,29986900
X,5,제휴몰,당시즌의류,스커트,SK,2472000,2472000
X,5,제휴몰,당시즌의류,원피스,OP,795000,795000
X,5,제휴몰,당시즌의류,집업티,ZT,649000,649000
X,5,제휴몰,당시즌의류,트레이닝(상의),TR,25105000,23506600
X,5,제휴몰,당시즌의류,트레이닝(하의),TP,42162000,40213500
X,5,제휴몰,당시즌의류,팬츠,PT,32960000,32246600
X,5,제휴몰,당시즌의류,후드티,HD,18073000,17386300
X,6,대리점,Acc_etc,기타소품류,AC,28080000,26816820
X,6,대리점,Acc_etc,다운 스카프,DC,112011000,103312600
X,6,대리점,Acc_etc,마스크,MK,2565000,2324620
X,6,대리점,Acc_etc,멀티스카프,MS,18324000,17053880
X,6,대리점,Acc_etc,양말,SO,27413000,25626240
X,6,대리점,Acc_etc,장갑,GL,48358000,41448420
X,6,대리점,Acc_etc,토시,ML,400000,400000
X,6,대리점,Bag,가방,BG,2510000,2049860
X,6,대리점,Bag,메신저백,MR,19188000,18039570
X,6,대리점,Bag,백팩,BK,346885000,317956510
X,6,대리점,Bag,보스톤백,BW,3627000,2582090
X,6,대리점,Bag,슬링백,SG,61019000,54766510
X,6,대리점,Bag,크로스백,CR,70314000,65932020
X,6,대리점,Bag,토드백,TG,29393000,26427400
X,6,대리점,Bag,힙색,HS,5818000,5488030
X,6,대리점,Headwear,비니,BN,92139000,83161400
X,6,대리점,Headwear,운동모,CP,105058000,97889230
X,6,대리점,Headwear,햇,HT,29090000,26823070
X,6,대리점,Shoes,슬리퍼,LP,32657000,31547270
X,6,대리점,Shoes,신발,SH,1438855000,1349266060
X,6,대리점,과시즌의류,긴팔카라티셔츠,TL,7163000,3859270
X,6,대리점,과시즌의류,긴팔티셔츠,RL,14195000,7575630
X,6,대리점,과시즌의류,니트,KT,10547000,4517300
X,6,대리점,과시즌의류,다운베스트,DV,66994000,36284810
X,6,대리점,과시즌의류,다운점퍼,DJ,3204824000,1936072040
X,6,대리점,과시즌의류,레깅스,LG,1591000,705600
X,6,대리점,과시즌의류,맨투맨,MT,43814000,29545590
X,6,대리점,과시즌의류,반바지,SP,1274000,905700
X,6,대리점,과시즌의류,반팔카라티셔츠,TS,1257000,1014620
X,6,대리점,과시즌의류,반팔티셔츠,RS,51849000,47158400
X,6,대리점,과시즌의류,방풍자켓,WJ,43140000,22856950
X,6,대리점,과시즌의류,브라,BR,1076000,445090
X,6,대리점,과시즌의류,소프트쉘,SS,56380000,32692030
X,6,대리점,과시즌의류,스윔웨어,SW,197000,197000
X,6,대리점,과시즌의류,스윔웨어 하의,SB,326000,212100
X,6,대리점,과시즌의류,스커트,SK,119000,119000
X,6,대리점,과시즌의류,슬리브리스,SL,49000,49000
X,6,대리점,과시즌의류,트레이닝 숏팬츠,TB,5678000,4974180
X,6,대리점,과시즌의류,트레이닝(상의),TR,123538000,58272580
X,6,대리점,과시즌의류,트레이닝(하의),TP,138935000,64367810
X,6,대리점,과시즌의류,패딩,PD,2768000,2281100
X,6,대리점,과시즌의류,팬츠,PT,57568000,28273330
X,6,대리점,과시즌의류,후드티,HD,17768000,10204990
X,6,대리점,당시즌의류,긴팔카라티셔츠,TL,22942000,21784060
X,6,대리점,당시즌의류,긴팔티셔츠,RL,28714000,27820170
X,6,대리점,당시즌의류,다운베스트,DV,566233000,437903710
X,6,대리점,당시즌의류,다운점퍼,DJ,14202610000,12817954370
X,6,대리점,당시즌의류,레깅스,LG,7699000,6786770
X,6,대리점,당시즌의류,맨투맨,MT,582040000,543303150
X,6,대리점,당시즌의류,반바지,SP,2398000,2238050
X,6,대리점,당시즌의류,방풍자켓,WJ,134194000,111380290
X,6,대리점,당시즌의류,상하의 세트,AZ,10707000,10205670
X,6,대리점,당시즌의류,소프트쉘,SS,324147000,295839380
X,6,대리점,당시즌의류,스커트,SK,10752000,10213270
X,6,대리점,당시즌의류,원피스,OP,477000,477000
X,6,대리점,당시즌의류,집업티,ZT,1416000,1358890
X,6,대리점,당시즌의류,트레이닝(상의),TR,443586000,409142010
X,6,대리점,당시즌의류,트레이닝(하의),TP,593601000,547571290
X,6,대리점,당시즌의류,팬츠,PT,342340000,322785780
X,6,대리점,당시즌의류,후드티,HD,247574000,229604140
X,7,아울렛,Acc_etc,기타소품류,AC,2691000,2559600
X,7,아울렛,Acc_etc,다운 스카프,DC,20261000,13199720
X,7,아울렛,Acc_etc,마스크,MK,45000,45000
X,7,아울렛,Acc_etc,멀티스카프,MS,2127000,966400
X,7,아울렛,Acc_etc,양말,SO,1184000,543600
X,7,아울렛,Acc_etc,장갑,GL,11011000,5595910
X,7,아울렛,Acc_etc,짐백,GY,0,0
X,7,아울렛,Acc_etc,토시,ML,100000,70000
X,7,아울렛,Bag,가방,BG,3901000,2989000
X,7,아울렛,Bag,메신저백,MR,15132000,12575600
X,7,아울렛,Bag,백팩,BK,195164000,151075820
X,7,아울렛,Bag,보스톤백,BW,4365000,2608700
X,7,아울렛,Bag,슬링백,SG,8072000,7077000
X,7,아울렛,Bag,크로스백,CR,20486000,13189000
X,7,아울렛,Bag,토드백,TG,9267000,5546400
X,7,아울렛,Bag,힙색,HS,837000,649800
X,7,아울렛,Headwear,비니,BN,40658000,21554400
X,7,아울렛,Headwear,운동모,CP,49515000,30351600
X,7,아울렛,Headwear,햇,HT,19764000,11008800
X,7,아울렛,Shoes,슬리퍼,LP,1688000,1158700
X,7,아울렛,Shoes,신발,SH,513106000,425807790
X,7,아울렛,과시즌의류,긴팔카라티셔츠,TL,25981000,12538200
X,7,아울렛,과시즌의류,긴팔티셔츠,RL,36197000,19435200
X,7,아울렛,과시즌의류,니트,KT,66864000,28178400
X,7,아울렛,과시즌의류,다운베스트,DV,235511000,125559600
X,7,아울렛,과시즌의류,다운점퍼,DJ,12109029000,6903307050
X,7,아울렛,과시즌의류,레깅스,LG,13357000,4245520
X,7,아울렛,과시즌의류,맨투맨,MT,158463000,97945300
X,7,아울렛,과시즌의류,반팔티셔츠,RS,3927000,2742000
X,7,아울렛,과시즌의류,방풍자켓,WJ,121030000,57185010
X,7,아울렛,과시즌의류,브라,BR,49000,34300
X,7,아울렛,과시즌의류,상하의 세트,AZ,258000,129000
X,7,아울렛,과시즌의류,소프트쉘,SS,315808000,143162400
X,7,아울렛,과시즌의류,집업티,ZT,714000,214200
X,7,아울렛,과시즌의류,트레이닝(상의),TR,483352000,204419350
X,7,아울렛,과시즌의류,트레이닝(하의),TP,489357000,229102000
X,7,아울렛,과시즌의류,패딩,PD,28717000,20101900
X,7,아울렛,과시즌의류,팬츠,PT,268799000,140601700
X,7,아울렛,과시즌의류,후드티,HD,93763000,52996710
X,7,아울렛,당시즌의류,긴팔티셔츠,RL,808000,801100
X,7,아울렛,당시즌의류,다운베스트,DV,169589000,125891980
X,7,아울렛,당시즌의류,다운점퍼,DJ,4505030000,4146551270
X,7,아울렛,당시즌의류,레깅스,LG,138000,96600
X,7,아울렛,당시즌의류,맨투맨,MT,92864000,89187800
X,7,아울렛,당시즌의류,반바지,SP,327000,305200
X,7,아울렛,당시즌의류,방풍자켓,WJ,11607000,8124900
X,7,아울렛,당시즌의류,상하의 세트,AZ,774000,709610
X,7,아울렛,당시즌의류,소프트쉘,SS,31223000,28708300
X,7,아울렛,당시즌의류,트레이닝(상의),TR,23222000,20565400
X,7,아울렛,당시즌의류,트레이닝(하의),TP,24486000,20394100
X,7,아울렛,당시즌의류,팬츠,PT,6158000,5767700
X,7,아울렛,당시즌의류,후드티,HD,17403000,16119400
X,8,사입,Shoes,신발,SH,-109000,-51230
X,99,기타,Acc_etc,기타소품류,AC,293000,54600
X,99,기타,Acc_etc,다운 스카프,DC,216000,88360
X,99,기타,Acc_etc,멀티스카프,MS,231000,0
X,99,기타,Acc_etc,양말,SO,181000,5810
X,99,기타,Acc_etc,장갑,GL,449000,91000
X,99,기타,Acc_etc,토시,ML,50000,0
X,99,기타,Bag,메신저백,MR,644000,69300
X,99,기타,Bag,백팩,BK,42410000,656580
X,99,기타,Bag,슬링백,SG,1948000,133470
X,99,기타,Bag,크로스백,CR,2141000,187480
X,99,기타,Bag,토드백,TG,889000,72460
X,99,기타,Bag,힙색,HS,731000,14980
X,99,기타,Headwear,비니,BN,616000,65800
X,99,기타,Headwear,운동모,CP,4421000,798970
X,99,기타,Headwear,햇,HT,1705000,0
X,99,기타,Shoes,슬리퍼,LP,12392000,56730
X,99,기타,Shoes,신발,SH,327677000,9271080
X,99,기타,과시즌의류,긴팔카라티셔츠,TL,1250000,0
X,99,기타,과시즌의류,긴팔티셔츠,RL,9228000,630960
X,99,기타,과시즌의류,니트,KT,597000,0
X,99,기타,과시즌의류,다운베스트,DV,20052000,416500
X,99,기타,과시즌의류,다운점퍼,DJ,992080000,21915040
X,99,기타,과시즌의류,레깅스,LG,5147000,0
X,99,기타,과시즌의류,맨투맨,MT,18734000,739510
X,99,기타,과시즌의류,반바지,SP,10487000,560450
X,99,기타,과시즌의류,반팔카라티셔츠,TS,46036000,1506990
X,99,기타,과시즌의류,반팔티셔츠,RS,70276000,2229040
X,99,기타,과시즌의류,방풍자켓,WJ,123937000,6612410
X,99,기타,과시즌의류,브라,BR,1438000,304690
X,99,기타,과시즌의류,상하의 세트,AZ,1009000,0
X,99,기타,과시즌의류,소프트쉘,SS,24799000,67520
X,99,기타,과시즌의류,스윔웨어,SW,30050000,625170
X,99,기타,과시즌의류,스윔웨어 세트,SZ,238000,0
X,99,기타,과시즌의류,스윔웨어 하의,SB,7773000,120090
X,99,기타,과시즌의류,스커트,SK,318000,0
X,99,기타,과시즌의류,슬리브리스,SL,621000,0
X,99,기타,과시즌의류,원피스,OP,3253000,52490
X,99,기타,과시즌의류,집업티,ZT,4592000,24560
X,99,기타,과시즌의류,트레이닝 숏팬츠,TB,5621000,449410
X,99,기타,과시즌의류,트레이닝(상의),TR,61943000,3810240
X,99,기타,과시즌의류,트레이닝(하의),TP,35724000,4769190
X,99,기타,과시즌의류,패딩,PD,6860000,802420
X,99,기타,과시즌의류,팬츠,PT,27655000,1354550
X,99,기타,과시즌의류,후드티,HD,16253000,107130
X,99,기타,당시즌의류,긴팔카라티셔츠,TL,248000,108070
X,99,기타,당시즌의류,긴팔티셔츠,RL,728000,207540
X,99,기타,당시즌의류,다운베스트,DV,626000,167660
X,99,기타,당시즌의류,다운점퍼,DJ,36982000,18876510
X,99,기타,당시즌의류,레깅스,LG,89000,62300
X,99,기타,당시즌의류,맨투맨,MT,3265000,1196130
X,99,기타,당시즌의류,방풍자켓,WJ,2428000,663260
X,99,기타,당시즌의류,상하의 세트,AZ,129000,38490
X,99,기타,당시즌의류,소프트쉘,SS,1104000,304690
X,99,기타,당시즌의류,스커트,SK,139000,37730
X,99,기타,당시즌의류,트레이닝(상의),TR,1588000,610410
X,99,기타,당시즌의류,트레이닝(하의),TP,1843000,786250
X,99,기타,당시즌의류,팬츠,PT,1033000,519400
X,99,기타,당시즌의류,후드티,HD,1332000,382090
